"LOCATION","INDICATOR","SUBJECT","MEASURE","FREQUENCY","TIME","Value","Flag Codes"
"AUS","EXCH","TOT","NATUSD","A","2000",1.724827,
"AUS","EXCH","TOT","NATUSD","A","2001",1.933443,
"AUS","EXCH","TOT","NATUSD","A","2002",1.840563,
"AUS","EXCH","TOT","NATUSD","A","2003",1.541914,
"AUS","EXCH","TOT","NATUSD","A","2004",1.359752,
"AUS","EXCH","TOT","NATUSD","A","2005",1.309473,
"AUS","EXCH","TOT","NATUSD","A","2006",1.327973,
"AUS","EXCH","TOT","NATUSD","A","2007",1.195073,
"AUS","EXCH","TOT","NATUSD","A","2008",1.192178,
"AUS","EXCH","TOT","NATUSD","A","2009",1.282189,
"AUS","EXCH","TOT","NATUSD","A","2010",1.090159,
"AUS","EXCH","TOT","NATUSD","A","2011",0.969463,
"AUS","EXCH","TOT","NATUSD","A","2012",0.965801,
"AUS","EXCH","TOT","NATUSD","A","2013",1.035843,
"AUS","EXCH","TOT","NATUSD","A","2014",1.109363,
"AUS","EXCH","TOT","NATUSD","A","2015",1.33109,
"AUS","EXCH","TOT","NATUSD","A","2016",1.345214,
"AUT","EXCH","TOT","NATUSD","A","2000",1.085401,
"AUT","EXCH","TOT","NATUSD","A","2001",1.11751,
"AUT","EXCH","TOT","NATUSD","A","2002",1.062552,
"AUT","EXCH","TOT","NATUSD","A","2003",0.886034,
"AUT","EXCH","TOT","NATUSD","A","2004",0.805365,
"AUT","EXCH","TOT","NATUSD","A","2005",0.80412,
"AUT","EXCH","TOT","NATUSD","A","2006",0.797141,
"AUT","EXCH","TOT","NATUSD","A","2007",0.730638,
"AUT","EXCH","TOT","NATUSD","A","2008",0.682675,
"AUT","EXCH","TOT","NATUSD","A","2009",0.719843,
"AUT","EXCH","TOT","NATUSD","A","2010",0.755045,
"AUT","EXCH","TOT","NATUSD","A","2011",0.719355,
"AUT","EXCH","TOT","NATUSD","A","2012",0.778294,
"AUT","EXCH","TOT","NATUSD","A","2013",0.753159,
"AUT","EXCH","TOT","NATUSD","A","2014",0.753731,
"AUT","EXCH","TOT","NATUSD","A","2015",0.901659,
"AUT","EXCH","TOT","NATUSD","A","2016",0.904035,
"BEL","EXCH","TOT","NATUSD","A","2000",1.085401,
"BEL","EXCH","TOT","NATUSD","A","2001",1.11751,
"BEL","EXCH","TOT","NATUSD","A","2002",1.062552,
"BEL","EXCH","TOT","NATUSD","A","2003",0.886034,
"BEL","EXCH","TOT","NATUSD","A","2004",0.805365,
"BEL","EXCH","TOT","NATUSD","A","2005",0.80412,
"BEL","EXCH","TOT","NATUSD","A","2006",0.797141,
"BEL","EXCH","TOT","NATUSD","A","2007",0.730638,
"BEL","EXCH","TOT","NATUSD","A","2008",0.682675,
"BEL","EXCH","TOT","NATUSD","A","2009",0.719843,
"BEL","EXCH","TOT","NATUSD","A","2010",0.755045,
"BEL","EXCH","TOT","NATUSD","A","2011",0.719355,
"BEL","EXCH","TOT","NATUSD","A","2012",0.778294,
"BEL","EXCH","TOT","NATUSD","A","2013",0.753159,
"BEL","EXCH","TOT","NATUSD","A","2014",0.753731,
"BEL","EXCH","TOT","NATUSD","A","2015",0.901659,
"BEL","EXCH","TOT","NATUSD","A","2016",0.904035,
"CAN","EXCH","TOT","NATUSD","A","2000",1.48511,
"CAN","EXCH","TOT","NATUSD","A","2001",1.548761,
"CAN","EXCH","TOT","NATUSD","A","2002",1.569318,
"CAN","EXCH","TOT","NATUSD","A","2003",1.401052,
"CAN","EXCH","TOT","NATUSD","A","2004",1.301019,
"CAN","EXCH","TOT","NATUSD","A","2005",1.211763,
"CAN","EXCH","TOT","NATUSD","A","2006",1.134363,
"CAN","EXCH","TOT","NATUSD","A","2007",1.074099,
"CAN","EXCH","TOT","NATUSD","A","2008",1.06704,
"CAN","EXCH","TOT","NATUSD","A","2009",1.143101,
"CAN","EXCH","TOT","NATUSD","A","2010",1.030163,
"CAN","EXCH","TOT","NATUSD","A","2011",0.989531,
"CAN","EXCH","TOT","NATUSD","A","2012",0.999188,
"CAN","EXCH","TOT","NATUSD","A","2013",1.029797,
"CAN","EXCH","TOT","NATUSD","A","2014",1.106105,
"CAN","EXCH","TOT","NATUSD","A","2015",1.279098,
"CAN","EXCH","TOT","NATUSD","A","2016",1.3254,
"CZE","EXCH","TOT","NATUSD","A","2000",38.598417,
"CZE","EXCH","TOT","NATUSD","A","2001",38.035328,
"CZE","EXCH","TOT","NATUSD","A","2002",32.738518,
"CZE","EXCH","TOT","NATUSD","A","2003",28.209,
"CZE","EXCH","TOT","NATUSD","A","2004",25.69975,
"CZE","EXCH","TOT","NATUSD","A","2005",23.957417,
"CZE","EXCH","TOT","NATUSD","A","2006",22.595583,
"CZE","EXCH","TOT","NATUSD","A","2007",20.293667,
"CZE","EXCH","TOT","NATUSD","A","2008",17.071667,
"CZE","EXCH","TOT","NATUSD","A","2009",19.063,
"CZE","EXCH","TOT","NATUSD","A","2010",19.09825,
"CZE","EXCH","TOT","NATUSD","A","2011",17.695917,
"CZE","EXCH","TOT","NATUSD","A","2012",19.5775,
"CZE","EXCH","TOT","NATUSD","A","2013",19.570583,
"CZE","EXCH","TOT","NATUSD","A","2014",20.7575,
"CZE","EXCH","TOT","NATUSD","A","2015",24.59875,
"CZE","EXCH","TOT","NATUSD","A","2016",24.439917,
"DNK","EXCH","TOT","NATUSD","A","2000",8.083144,
"DNK","EXCH","TOT","NATUSD","A","2001",8.322817,
"DNK","EXCH","TOT","NATUSD","A","2002",7.894714,
"DNK","EXCH","TOT","NATUSD","A","2003",6.587673,
"DNK","EXCH","TOT","NATUSD","A","2004",5.991057,
"DNK","EXCH","TOT","NATUSD","A","2005",5.99691,
"DNK","EXCH","TOT","NATUSD","A","2006",5.946778,
"DNK","EXCH","TOT","NATUSD","A","2007",5.443701,
"DNK","EXCH","TOT","NATUSD","A","2008",5.098131,
"DNK","EXCH","TOT","NATUSD","A","2009",5.360867,
"DNK","EXCH","TOT","NATUSD","A","2010",5.624075,
"DNK","EXCH","TOT","NATUSD","A","2011",5.368712,
"DNK","EXCH","TOT","NATUSD","A","2012",5.792476,
"DNK","EXCH","TOT","NATUSD","A","2013",5.616312,
"DNK","EXCH","TOT","NATUSD","A","2014",5.612467,
"DNK","EXCH","TOT","NATUSD","A","2015",6.727907,
"DNK","EXCH","TOT","NATUSD","A","2016",6.731718,
"FIN","EXCH","TOT","NATUSD","A","2000",1.085401,
"FIN","EXCH","TOT","NATUSD","A","2001",1.11751,
"FIN","EXCH","TOT","NATUSD","A","2002",1.062552,
"FIN","EXCH","TOT","NATUSD","A","2003",0.886034,
"FIN","EXCH","TOT","NATUSD","A","2004",0.805365,
"FIN","EXCH","TOT","NATUSD","A","2005",0.80412,
"FIN","EXCH","TOT","NATUSD","A","2006",0.797141,
"FIN","EXCH","TOT","NATUSD","A","2007",0.730638,
"FIN","EXCH","TOT","NATUSD","A","2008",0.682675,
"FIN","EXCH","TOT","NATUSD","A","2009",0.719843,
"FIN","EXCH","TOT","NATUSD","A","2010",0.755045,
"FIN","EXCH","TOT","NATUSD","A","2011",0.719355,
"FIN","EXCH","TOT","NATUSD","A","2012",0.778294,
"FIN","EXCH","TOT","NATUSD","A","2013",0.753159,
"FIN","EXCH","TOT","NATUSD","A","2014",0.753731,
"FIN","EXCH","TOT","NATUSD","A","2015",0.901659,
"FIN","EXCH","TOT","NATUSD","A","2016",0.904035,
"FRA","EXCH","TOT","NATUSD","A","2000",1.085401,
"FRA","EXCH","TOT","NATUSD","A","2001",1.11751,
"FRA","EXCH","TOT","NATUSD","A","2002",1.062552,
"FRA","EXCH","TOT","NATUSD","A","2003",0.886034,
"FRA","EXCH","TOT","NATUSD","A","2004",0.805365,
"FRA","EXCH","TOT","NATUSD","A","2005",0.80412,
"FRA","EXCH","TOT","NATUSD","A","2006",0.797141,
"FRA","EXCH","TOT","NATUSD","A","2007",0.730638,
"FRA","EXCH","TOT","NATUSD","A","2008",0.682675,
"FRA","EXCH","TOT","NATUSD","A","2009",0.719843,
"FRA","EXCH","TOT","NATUSD","A","2010",0.755045,
"FRA","EXCH","TOT","NATUSD","A","2011",0.719355,
"FRA","EXCH","TOT","NATUSD","A","2012",0.778294,
"FRA","EXCH","TOT","NATUSD","A","2013",0.753159,
"FRA","EXCH","TOT","NATUSD","A","2014",0.753731,
"FRA","EXCH","TOT","NATUSD","A","2015",0.901659,
"FRA","EXCH","TOT","NATUSD","A","2016",0.904035,
"DEU","EXCH","TOT","NATUSD","A","2000",1.085401,
"DEU","EXCH","TOT","NATUSD","A","2001",1.11751,
"DEU","EXCH","TOT","NATUSD","A","2002",1.062552,
"DEU","EXCH","TOT","NATUSD","A","2003",0.886034,
"DEU","EXCH","TOT","NATUSD","A","2004",0.805365,
"DEU","EXCH","TOT","NATUSD","A","2005",0.80412,
"DEU","EXCH","TOT","NATUSD","A","2006",0.797141,
"DEU","EXCH","TOT","NATUSD","A","2007",0.730638,
"DEU","EXCH","TOT","NATUSD","A","2008",0.682675,
"DEU","EXCH","TOT","NATUSD","A","2009",0.719843,
"DEU","EXCH","TOT","NATUSD","A","2010",0.755045,
"DEU","EXCH","TOT","NATUSD","A","2011",0.719355,
"DEU","EXCH","TOT","NATUSD","A","2012",0.778294,
"DEU","EXCH","TOT","NATUSD","A","2013",0.753159,
"DEU","EXCH","TOT","NATUSD","A","2014",0.753731,
"DEU","EXCH","TOT","NATUSD","A","2015",0.901659,
"DEU","EXCH","TOT","NATUSD","A","2016",0.904035,
"GRC","EXCH","TOT","NATUSD","A","2000",1.072336,
"GRC","EXCH","TOT","NATUSD","A","2001",1.11751,
"GRC","EXCH","TOT","NATUSD","A","2002",1.062552,
"GRC","EXCH","TOT","NATUSD","A","2003",0.886034,
"GRC","EXCH","TOT","NATUSD","A","2004",0.805365,
"GRC","EXCH","TOT","NATUSD","A","2005",0.80412,
"GRC","EXCH","TOT","NATUSD","A","2006",0.797141,
"GRC","EXCH","TOT","NATUSD","A","2007",0.730638,
"GRC","EXCH","TOT","NATUSD","A","2008",0.682675,
"GRC","EXCH","TOT","NATUSD","A","2009",0.719843,
"GRC","EXCH","TOT","NATUSD","A","2010",0.755045,
"GRC","EXCH","TOT","NATUSD","A","2011",0.719355,
"GRC","EXCH","TOT","NATUSD","A","2012",0.778294,
"GRC","EXCH","TOT","NATUSD","A","2013",0.753159,
"GRC","EXCH","TOT","NATUSD","A","2014",0.753731,
"GRC","EXCH","TOT","NATUSD","A","2015",0.901659,
"GRC","EXCH","TOT","NATUSD","A","2016",0.904035,
"HUN","EXCH","TOT","NATUSD","A","2000",282.179167,
"HUN","EXCH","TOT","NATUSD","A","2001",286.49,
"HUN","EXCH","TOT","NATUSD","A","2002",257.886667,
"HUN","EXCH","TOT","NATUSD","A","2003",224.306667,
"HUN","EXCH","TOT","NATUSD","A","2004",202.745833,
"HUN","EXCH","TOT","NATUSD","A","2005",199.5825,
"HUN","EXCH","TOT","NATUSD","A","2006",210.39,
"HUN","EXCH","TOT","NATUSD","A","2007",183.625833,
"HUN","EXCH","TOT","NATUSD","A","2008",172.113333,
"HUN","EXCH","TOT","NATUSD","A","2009",202.341667,
"HUN","EXCH","TOT","NATUSD","A","2010",207.944167,
"HUN","EXCH","TOT","NATUSD","A","2011",201.055,
"HUN","EXCH","TOT","NATUSD","A","2012",225.104167,
"HUN","EXCH","TOT","NATUSD","A","2013",223.695,
"HUN","EXCH","TOT","NATUSD","A","2014",232.601667,
"HUN","EXCH","TOT","NATUSD","A","2015",279.3325,
"HUN","EXCH","TOT","NATUSD","A","2016",281.523333,
"ISL","EXCH","TOT","NATUSD","A","2000",78.615947,
"ISL","EXCH","TOT","NATUSD","A","2001",97.424603,
"ISL","EXCH","TOT","NATUSD","A","2002",91.661667,
"ISL","EXCH","TOT","NATUSD","A","2003",76.708983,
"ISL","EXCH","TOT","NATUSD","A","2004",70.191667,
"ISL","EXCH","TOT","NATUSD","A","2005",62.981667,
"ISL","EXCH","TOT","NATUSD","A","2006",70.18,
"ISL","EXCH","TOT","NATUSD","A","2007",64.055,
"ISL","EXCH","TOT","NATUSD","A","2008",87.947917,
"ISL","EXCH","TOT","NATUSD","A","2009",123.638381,
"ISL","EXCH","TOT","NATUSD","A","2010",122.241811,
"ISL","EXCH","TOT","NATUSD","A","2011",115.95404,
"ISL","EXCH","TOT","NATUSD","A","2012",125.082787,
"ISL","EXCH","TOT","NATUSD","A","2013",122.179121,
"ISL","EXCH","TOT","NATUSD","A","2014",116.767353,
"ISL","EXCH","TOT","NATUSD","A","2015",131.918708,
"ISL","EXCH","TOT","NATUSD","A","2016",120.811548,
"IRL","EXCH","TOT","NATUSD","A","2000",1.085401,
"IRL","EXCH","TOT","NATUSD","A","2001",1.11751,
"IRL","EXCH","TOT","NATUSD","A","2002",1.062552,
"IRL","EXCH","TOT","NATUSD","A","2003",0.886034,
"IRL","EXCH","TOT","NATUSD","A","2004",0.805365,
"IRL","EXCH","TOT","NATUSD","A","2005",0.80412,
"IRL","EXCH","TOT","NATUSD","A","2006",0.797141,
"IRL","EXCH","TOT","NATUSD","A","2007",0.730638,
"IRL","EXCH","TOT","NATUSD","A","2008",0.682675,
"IRL","EXCH","TOT","NATUSD","A","2009",0.719843,
"IRL","EXCH","TOT","NATUSD","A","2010",0.755045,
"IRL","EXCH","TOT","NATUSD","A","2011",0.719355,
"IRL","EXCH","TOT","NATUSD","A","2012",0.778294,
"IRL","EXCH","TOT","NATUSD","A","2013",0.753159,
"IRL","EXCH","TOT","NATUSD","A","2014",0.753731,
"IRL","EXCH","TOT","NATUSD","A","2015",0.901659,
"IRL","EXCH","TOT","NATUSD","A","2016",0.904035,
"ITA","EXCH","TOT","NATUSD","A","2000",1.085401,
"ITA","EXCH","TOT","NATUSD","A","2001",1.11751,
"ITA","EXCH","TOT","NATUSD","A","2002",1.062552,
"ITA","EXCH","TOT","NATUSD","A","2003",0.886034,
"ITA","EXCH","TOT","NATUSD","A","2004",0.805365,
"ITA","EXCH","TOT","NATUSD","A","2005",0.80412,
"ITA","EXCH","TOT","NATUSD","A","2006",0.797141,
"ITA","EXCH","TOT","NATUSD","A","2007",0.730638,
"ITA","EXCH","TOT","NATUSD","A","2008",0.682675,
"ITA","EXCH","TOT","NATUSD","A","2009",0.719843,
"ITA","EXCH","TOT","NATUSD","A","2010",0.755045,
"ITA","EXCH","TOT","NATUSD","A","2011",0.719355,
"ITA","EXCH","TOT","NATUSD","A","2012",0.778294,
"ITA","EXCH","TOT","NATUSD","A","2013",0.753159,
"ITA","EXCH","TOT","NATUSD","A","2014",0.753731,
"ITA","EXCH","TOT","NATUSD","A","2015",0.901659,
"ITA","EXCH","TOT","NATUSD","A","2016",0.904035,
"JPN","EXCH","TOT","NATUSD","A","2000",107.765498,
"JPN","EXCH","TOT","NATUSD","A","2001",121.528948,
"JPN","EXCH","TOT","NATUSD","A","2002",125.388019,
"JPN","EXCH","TOT","NATUSD","A","2003",115.933464,
"JPN","EXCH","TOT","NATUSD","A","2004",108.192569,
"JPN","EXCH","TOT","NATUSD","A","2005",110.218212,
"JPN","EXCH","TOT","NATUSD","A","2006",116.299312,
"JPN","EXCH","TOT","NATUSD","A","2007",117.753529,
"JPN","EXCH","TOT","NATUSD","A","2008",103.359494,
"JPN","EXCH","TOT","NATUSD","A","2009",93.570089,
"JPN","EXCH","TOT","NATUSD","A","2010",87.779875,
"JPN","EXCH","TOT","NATUSD","A","2011",79.80702,
"JPN","EXCH","TOT","NATUSD","A","2012",79.790455,
"JPN","EXCH","TOT","NATUSD","A","2013",97.595658,
"JPN","EXCH","TOT","NATUSD","A","2014",105.944781,
"JPN","EXCH","TOT","NATUSD","A","2015",121.044026,
"JPN","EXCH","TOT","NATUSD","A","2016",108.79,
"KOR","EXCH","TOT","NATUSD","A","2000",1130.9575,
"KOR","EXCH","TOT","NATUSD","A","2001",1290.994583,
"KOR","EXCH","TOT","NATUSD","A","2002",1251.088333,
"KOR","EXCH","TOT","NATUSD","A","2003",1191.614167,
"KOR","EXCH","TOT","NATUSD","A","2004",1145.319167,
"KOR","EXCH","TOT","NATUSD","A","2005",1024.116667,
"KOR","EXCH","TOT","NATUSD","A","2006",954.790516,
"KOR","EXCH","TOT","NATUSD","A","2007",929.257262,
"KOR","EXCH","TOT","NATUSD","A","2008",1102.046667,
"KOR","EXCH","TOT","NATUSD","A","2009",1276.93,
"KOR","EXCH","TOT","NATUSD","A","2010",1156.060988,
"KOR","EXCH","TOT","NATUSD","A","2011",1108.292125,
"KOR","EXCH","TOT","NATUSD","A","2012",1126.470826,
"KOR","EXCH","TOT","NATUSD","A","2013",1094.852917,
"KOR","EXCH","TOT","NATUSD","A","2014",1052.960833,
"KOR","EXCH","TOT","NATUSD","A","2015",1131.1575,
"KOR","EXCH","TOT","NATUSD","A","2016",1160.266372,
"LUX","EXCH","TOT","NATUSD","A","2000",1.085401,
"LUX","EXCH","TOT","NATUSD","A","2001",1.11751,
"LUX","EXCH","TOT","NATUSD","A","2002",1.062552,
"LUX","EXCH","TOT","NATUSD","A","2003",0.886034,
"LUX","EXCH","TOT","NATUSD","A","2004",0.805365,
"LUX","EXCH","TOT","NATUSD","A","2005",0.80412,
"LUX","EXCH","TOT","NATUSD","A","2006",0.797141,
"LUX","EXCH","TOT","NATUSD","A","2007",0.730638,
"LUX","EXCH","TOT","NATUSD","A","2008",0.682675,
"LUX","EXCH","TOT","NATUSD","A","2009",0.719843,
"LUX","EXCH","TOT","NATUSD","A","2010",0.755045,
"LUX","EXCH","TOT","NATUSD","A","2011",0.719355,
"LUX","EXCH","TOT","NATUSD","A","2012",0.778294,
"LUX","EXCH","TOT","NATUSD","A","2013",0.753159,
"LUX","EXCH","TOT","NATUSD","A","2014",0.753731,
"LUX","EXCH","TOT","NATUSD","A","2015",0.901659,
"LUX","EXCH","TOT","NATUSD","A","2016",0.904035,
"MEX","EXCH","TOT","NATUSD","A","2000",9.455558,
"MEX","EXCH","TOT","NATUSD","A","2001",9.342342,
"MEX","EXCH","TOT","NATUSD","A","2002",9.655958,
"MEX","EXCH","TOT","NATUSD","A","2003",10.789019,
"MEX","EXCH","TOT","NATUSD","A","2004",11.285967,
"MEX","EXCH","TOT","NATUSD","A","2005",10.897892,
"MEX","EXCH","TOT","NATUSD","A","2006",10.899242,
"MEX","EXCH","TOT","NATUSD","A","2007",10.928192,
"MEX","EXCH","TOT","NATUSD","A","2008",11.129717,
"MEX","EXCH","TOT","NATUSD","A","2009",13.513475,
"MEX","EXCH","TOT","NATUSD","A","2010",12.636008,
"MEX","EXCH","TOT","NATUSD","A","2011",12.423325,
"MEX","EXCH","TOT","NATUSD","A","2012",13.169458,
"MEX","EXCH","TOT","NATUSD","A","2013",12.771992,
"MEX","EXCH","TOT","NATUSD","A","2014",13.29245,
"MEX","EXCH","TOT","NATUSD","A","2015",15.848267,
"MEX","EXCH","TOT","NATUSD","A","2016",18.664058,
"NLD","EXCH","TOT","NATUSD","A","2000",1.085401,
"NLD","EXCH","TOT","NATUSD","A","2001",1.11751,
"NLD","EXCH","TOT","NATUSD","A","2002",1.062552,
"NLD","EXCH","TOT","NATUSD","A","2003",0.886034,
"NLD","EXCH","TOT","NATUSD","A","2004",0.805365,
"NLD","EXCH","TOT","NATUSD","A","2005",0.80412,
"NLD","EXCH","TOT","NATUSD","A","2006",0.797141,
"NLD","EXCH","TOT","NATUSD","A","2007",0.730638,
"NLD","EXCH","TOT","NATUSD","A","2008",0.682675,
"NLD","EXCH","TOT","NATUSD","A","2009",0.719843,
"NLD","EXCH","TOT","NATUSD","A","2010",0.755045,
"NLD","EXCH","TOT","NATUSD","A","2011",0.719355,
"NLD","EXCH","TOT","NATUSD","A","2012",0.778294,
"NLD","EXCH","TOT","NATUSD","A","2013",0.753159,
"NLD","EXCH","TOT","NATUSD","A","2014",0.753731,
"NLD","EXCH","TOT","NATUSD","A","2015",0.901659,
"NLD","EXCH","TOT","NATUSD","A","2016",0.904035,
"NZL","EXCH","TOT","NATUSD","A","2000",2.201149,
"NZL","EXCH","TOT","NATUSD","A","2001",2.378751,
"NZL","EXCH","TOT","NATUSD","A","2002",2.162191,
"NZL","EXCH","TOT","NATUSD","A","2003",1.722099,
"NZL","EXCH","TOT","NATUSD","A","2004",1.508681,
"NZL","EXCH","TOT","NATUSD","A","2005",1.420273,
"NZL","EXCH","TOT","NATUSD","A","2006",1.542056,
"NZL","EXCH","TOT","NATUSD","A","2007",1.360675,
"NZL","EXCH","TOT","NATUSD","A","2008",1.422727,
"NZL","EXCH","TOT","NATUSD","A","2009",1.600877,
"NZL","EXCH","TOT","NATUSD","A","2010",1.387834,
"NZL","EXCH","TOT","NATUSD","A","2011",1.265811,
"NZL","EXCH","TOT","NATUSD","A","2012",1.234284,
"NZL","EXCH","TOT","NATUSD","A","2013",1.219408,
"NZL","EXCH","TOT","NATUSD","A","2014",1.205433,
"NZL","EXCH","TOT","NATUSD","A","2015",1.433975,
"NZL","EXCH","TOT","NATUSD","A","2016",1.436525,
"NOR","EXCH","TOT","NATUSD","A","2000",8.801842,
"NOR","EXCH","TOT","NATUSD","A","2001",8.991654,
"NOR","EXCH","TOT","NATUSD","A","2002",7.983779,
"NOR","EXCH","TOT","NATUSD","A","2003",7.080217,
"NOR","EXCH","TOT","NATUSD","A","2004",6.740833,
"NOR","EXCH","TOT","NATUSD","A","2005",6.4425,
"NOR","EXCH","TOT","NATUSD","A","2006",6.413333,
"NOR","EXCH","TOT","NATUSD","A","2007",5.861667,
"NOR","EXCH","TOT","NATUSD","A","2008",5.64,
"NOR","EXCH","TOT","NATUSD","A","2009",6.288333,
"NOR","EXCH","TOT","NATUSD","A","2010",6.044167,
"NOR","EXCH","TOT","NATUSD","A","2011",5.604607,
"NOR","EXCH","TOT","NATUSD","A","2012",5.8175,
"NOR","EXCH","TOT","NATUSD","A","2013",5.875,
"NOR","EXCH","TOT","NATUSD","A","2014",6.301667,
"NOR","EXCH","TOT","NATUSD","A","2015",8.064167,
"NOR","EXCH","TOT","NATUSD","A","2016",8.400164,
"POL","EXCH","TOT","NATUSD","A","2000",4.346075,
"POL","EXCH","TOT","NATUSD","A","2001",4.0939,
"POL","EXCH","TOT","NATUSD","A","2002",4.080033,
"POL","EXCH","TOT","NATUSD","A","2003",3.889075,
"POL","EXCH","TOT","NATUSD","A","2004",3.657642,
"POL","EXCH","TOT","NATUSD","A","2005",3.235483,
"POL","EXCH","TOT","NATUSD","A","2006",3.103158,
"POL","EXCH","TOT","NATUSD","A","2007",2.76795,
"POL","EXCH","TOT","NATUSD","A","2008",2.409242,
"POL","EXCH","TOT","NATUSD","A","2009",3.120142,
"POL","EXCH","TOT","NATUSD","A","2010",3.0153,
"POL","EXCH","TOT","NATUSD","A","2011",2.962848,
"POL","EXCH","TOT","NATUSD","A","2012",3.256542,
"POL","EXCH","TOT","NATUSD","A","2013",3.160617,
"POL","EXCH","TOT","NATUSD","A","2014",3.154542,
"POL","EXCH","TOT","NATUSD","A","2015",3.7695,
"POL","EXCH","TOT","NATUSD","A","2016",3.942783,
"PRT","EXCH","TOT","NATUSD","A","2000",1.085401,
"PRT","EXCH","TOT","NATUSD","A","2001",1.11751,
"PRT","EXCH","TOT","NATUSD","A","2002",1.062552,
"PRT","EXCH","TOT","NATUSD","A","2003",0.886034,
"PRT","EXCH","TOT","NATUSD","A","2004",0.805365,
"PRT","EXCH","TOT","NATUSD","A","2005",0.80412,
"PRT","EXCH","TOT","NATUSD","A","2006",0.797141,
"PRT","EXCH","TOT","NATUSD","A","2007",0.730638,
"PRT","EXCH","TOT","NATUSD","A","2008",0.682675,
"PRT","EXCH","TOT","NATUSD","A","2009",0.719843,
"PRT","EXCH","TOT","NATUSD","A","2010",0.755045,
"PRT","EXCH","TOT","NATUSD","A","2011",0.719355,
"PRT","EXCH","TOT","NATUSD","A","2012",0.778294,
"PRT","EXCH","TOT","NATUSD","A","2013",0.753159,
"PRT","EXCH","TOT","NATUSD","A","2014",0.753731,
"PRT","EXCH","TOT","NATUSD","A","2015",0.901659,
"PRT","EXCH","TOT","NATUSD","A","2016",0.904035,
"SVK","EXCH","TOT","NATUSD","A","2000",1.528088,
"SVK","EXCH","TOT","NATUSD","A","2001",1.605086,
"SVK","EXCH","TOT","NATUSD","A","2002",1.504572,
"SVK","EXCH","TOT","NATUSD","A","2003",1.220637,
"SVK","EXCH","TOT","NATUSD","A","2004",1.070733,
"SVK","EXCH","TOT","NATUSD","A","2005",1.029617,
"SVK","EXCH","TOT","NATUSD","A","2006",0.985768,
"SVK","EXCH","TOT","NATUSD","A","2007",0.819702,
"SVK","EXCH","TOT","NATUSD","A","2008",0.709069,
"SVK","EXCH","TOT","NATUSD","A","2009",0.719843,
"SVK","EXCH","TOT","NATUSD","A","2010",0.755045,
"SVK","EXCH","TOT","NATUSD","A","2011",0.719355,
"SVK","EXCH","TOT","NATUSD","A","2012",0.778294,
"SVK","EXCH","TOT","NATUSD","A","2013",0.753159,
"SVK","EXCH","TOT","NATUSD","A","2014",0.753731,
"SVK","EXCH","TOT","NATUSD","A","2015",0.901659,
"SVK","EXCH","TOT","NATUSD","A","2016",0.904035,
"ESP","EXCH","TOT","NATUSD","A","2000",1.085401,
"ESP","EXCH","TOT","NATUSD","A","2001",1.11751,
"ESP","EXCH","TOT","NATUSD","A","2002",1.062552,
"ESP","EXCH","TOT","NATUSD","A","2003",0.886034,
"ESP","EXCH","TOT","NATUSD","A","2004",0.805365,
"ESP","EXCH","TOT","NATUSD","A","2005",0.80412,
"ESP","EXCH","TOT","NATUSD","A","2006",0.797141,
"ESP","EXCH","TOT","NATUSD","A","2007",0.730638,
"ESP","EXCH","TOT","NATUSD","A","2008",0.682675,
"ESP","EXCH","TOT","NATUSD","A","2009",0.719843,
"ESP","EXCH","TOT","NATUSD","A","2010",0.755045,
"ESP","EXCH","TOT","NATUSD","A","2011",0.719355,
"ESP","EXCH","TOT","NATUSD","A","2012",0.778294,
"ESP","EXCH","TOT","NATUSD","A","2013",0.753159,
"ESP","EXCH","TOT","NATUSD","A","2014",0.753731,
"ESP","EXCH","TOT","NATUSD","A","2015",0.901659,
"ESP","EXCH","TOT","NATUSD","A","2016",0.904035,
"SWE","EXCH","TOT","NATUSD","A","2000",9.162244,
"SWE","EXCH","TOT","NATUSD","A","2001",10.329136,
"SWE","EXCH","TOT","NATUSD","A","2002",9.737123,
"SWE","EXCH","TOT","NATUSD","A","2003",8.086304,
"SWE","EXCH","TOT","NATUSD","A","2004",7.348887,
"SWE","EXCH","TOT","NATUSD","A","2005",7.473088,
"SWE","EXCH","TOT","NATUSD","A","2006",7.378249,
"SWE","EXCH","TOT","NATUSD","A","2007",6.75877,
"SWE","EXCH","TOT","NATUSD","A","2008",6.591099,
"SWE","EXCH","TOT","NATUSD","A","2009",7.653819,
"SWE","EXCH","TOT","NATUSD","A","2010",7.207524,
"SWE","EXCH","TOT","NATUSD","A","2011",6.493543,
"SWE","EXCH","TOT","NATUSD","A","2012",6.775016,
"SWE","EXCH","TOT","NATUSD","A","2013",6.513972,
"SWE","EXCH","TOT","NATUSD","A","2014",6.860785,
"SWE","EXCH","TOT","NATUSD","A","2015",8.434841,
"SWE","EXCH","TOT","NATUSD","A","2016",8.561992,
"CHE","EXCH","TOT","NATUSD","A","2000",1.688843,
"CHE","EXCH","TOT","NATUSD","A","2001",1.687615,
"CHE","EXCH","TOT","NATUSD","A","2002",1.558607,
"CHE","EXCH","TOT","NATUSD","A","2003",1.346651,
"CHE","EXCH","TOT","NATUSD","A","2004",1.243496,
"CHE","EXCH","TOT","NATUSD","A","2005",1.245177,
"CHE","EXCH","TOT","NATUSD","A","2006",1.253843,
"CHE","EXCH","TOT","NATUSD","A","2007",1.200366,
"CHE","EXCH","TOT","NATUSD","A","2008",1.08309,
"CHE","EXCH","TOT","NATUSD","A","2009",1.088142,
"CHE","EXCH","TOT","NATUSD","A","2010",1.042906,
"CHE","EXCH","TOT","NATUSD","A","2011",0.888042,
"CHE","EXCH","TOT","NATUSD","A","2012",0.937684,
"CHE","EXCH","TOT","NATUSD","A","2013",0.926904,
"CHE","EXCH","TOT","NATUSD","A","2014",0.916151,
"CHE","EXCH","TOT","NATUSD","A","2015",0.962381,
"CHE","EXCH","TOT","NATUSD","A","2016",0.985238,
"TUR","EXCH","TOT","NATUSD","A","2000",0.625219,
"TUR","EXCH","TOT","NATUSD","A","2001",1.225588,
"TUR","EXCH","TOT","NATUSD","A","2002",1.507226,
"TUR","EXCH","TOT","NATUSD","A","2003",1.500885,
"TUR","EXCH","TOT","NATUSD","A","2004",1.425537,
"TUR","EXCH","TOT","NATUSD","A","2005",1.343583,
"TUR","EXCH","TOT","NATUSD","A","2006",1.428453,
"TUR","EXCH","TOT","NATUSD","A","2007",1.302931,
"TUR","EXCH","TOT","NATUSD","A","2008",1.301522,
"TUR","EXCH","TOT","NATUSD","A","2009",1.54996,
"TUR","EXCH","TOT","NATUSD","A","2010",1.502849,
"TUR","EXCH","TOT","NATUSD","A","2011",1.674955,
"TUR","EXCH","TOT","NATUSD","A","2012",1.796001,
"TUR","EXCH","TOT","NATUSD","A","2013",1.903768,
"TUR","EXCH","TOT","NATUSD","A","2014",2.188542,
"TUR","EXCH","TOT","NATUSD","A","2015",2.720009,
"TUR","EXCH","TOT","NATUSD","A","2016",3.020135,
"GBR","EXCH","TOT","NATUSD","A","2000",0.660931,
"GBR","EXCH","TOT","NATUSD","A","2001",0.694655,
"GBR","EXCH","TOT","NATUSD","A","2002",0.667223,
"GBR","EXCH","TOT","NATUSD","A","2003",0.612472,
"GBR","EXCH","TOT","NATUSD","A","2004",0.54618,
"GBR","EXCH","TOT","NATUSD","A","2005",0.549998,
"GBR","EXCH","TOT","NATUSD","A","2006",0.543487,
"GBR","EXCH","TOT","NATUSD","A","2007",0.499772,
"GBR","EXCH","TOT","NATUSD","A","2008",0.543966,
"GBR","EXCH","TOT","NATUSD","A","2009",0.641919,
"GBR","EXCH","TOT","NATUSD","A","2010",0.647179,
"GBR","EXCH","TOT","NATUSD","A","2011",0.624141,
"GBR","EXCH","TOT","NATUSD","A","2012",0.633047,
"GBR","EXCH","TOT","NATUSD","A","2013",0.639661,
"GBR","EXCH","TOT","NATUSD","A","2014",0.60773,
"GBR","EXCH","TOT","NATUSD","A","2015",0.654545,
"GBR","EXCH","TOT","NATUSD","A","2016",0.740634,
"USA","EXCH","TOT","NATUSD","A","2000",1,
"USA","EXCH","TOT","NATUSD","A","2001",1,
"USA","EXCH","TOT","NATUSD","A","2002",1,
"USA","EXCH","TOT","NATUSD","A","2003",1,
"USA","EXCH","TOT","NATUSD","A","2004",1,
"USA","EXCH","TOT","NATUSD","A","2005",1,
"USA","EXCH","TOT","NATUSD","A","2006",1,
"USA","EXCH","TOT","NATUSD","A","2007",1,
"USA","EXCH","TOT","NATUSD","A","2008",1,
"USA","EXCH","TOT","NATUSD","A","2009",1,
"USA","EXCH","TOT","NATUSD","A","2010",1,
"USA","EXCH","TOT","NATUSD","A","2011",1,
"USA","EXCH","TOT","NATUSD","A","2012",1,
"USA","EXCH","TOT","NATUSD","A","2013",1,
"USA","EXCH","TOT","NATUSD","A","2014",1,
"USA","EXCH","TOT","NATUSD","A","2015",1,
"USA","EXCH","TOT","NATUSD","A","2016",1,
"BRA","EXCH","TOT","NATUSD","A","2000",1.829423,
"BRA","EXCH","TOT","NATUSD","A","2001",2.349632,
"BRA","EXCH","TOT","NATUSD","A","2002",2.920363,
"BRA","EXCH","TOT","NATUSD","A","2003",3.077475,
"BRA","EXCH","TOT","NATUSD","A","2004",2.925119,
"BRA","EXCH","TOT","NATUSD","A","2005",2.43439,
"BRA","EXCH","TOT","NATUSD","A","2006",2.175327,
"BRA","EXCH","TOT","NATUSD","A","2007",1.947058,
"BRA","EXCH","TOT","NATUSD","A","2008",1.833767,
"BRA","EXCH","TOT","NATUSD","A","2009",1.999428,
"BRA","EXCH","TOT","NATUSD","A","2010",1.759227,
"BRA","EXCH","TOT","NATUSD","A","2011",1.672829,
"BRA","EXCH","TOT","NATUSD","A","2012",1.953069,
"BRA","EXCH","TOT","NATUSD","A","2013",2.156089,
"BRA","EXCH","TOT","NATUSD","A","2014",2.352952,
"BRA","EXCH","TOT","NATUSD","A","2015",3.326904,
"BRA","EXCH","TOT","NATUSD","A","2016",3.489507,
"CHL","EXCH","TOT","NATUSD","A","2000",539.5875,
"CHL","EXCH","TOT","NATUSD","A","2001",634.938333,
"CHL","EXCH","TOT","NATUSD","A","2002",688.936667,
"CHL","EXCH","TOT","NATUSD","A","2003",691.3975,
"CHL","EXCH","TOT","NATUSD","A","2004",609.529167,
"CHL","EXCH","TOT","NATUSD","A","2005",559.7675,
"CHL","EXCH","TOT","NATUSD","A","2006",530.275,
"CHL","EXCH","TOT","NATUSD","A","2007",522.464167,
"CHL","EXCH","TOT","NATUSD","A","2008",522.461036,
"CHL","EXCH","TOT","NATUSD","A","2009",560.859895,
"CHL","EXCH","TOT","NATUSD","A","2010",510.249167,
"CHL","EXCH","TOT","NATUSD","A","2011",483.6675,
"CHL","EXCH","TOT","NATUSD","A","2012",486.471303,
"CHL","EXCH","TOT","NATUSD","A","2013",495.272878,
"CHL","EXCH","TOT","NATUSD","A","2014",570.348216,
"CHL","EXCH","TOT","NATUSD","A","2015",654.124084,
"CHL","EXCH","TOT","NATUSD","A","2016",676.908875,
"CHN","EXCH","TOT","NATUSD","A","2000",8.278504,
"CHN","EXCH","TOT","NATUSD","A","2001",8.277068,
"CHN","EXCH","TOT","NATUSD","A","2002",8.276958,
"CHN","EXCH","TOT","NATUSD","A","2003",8.277037,
"CHN","EXCH","TOT","NATUSD","A","2004",8.276801,
"CHN","EXCH","TOT","NATUSD","A","2005",8.194317,
"CHN","EXCH","TOT","NATUSD","A","2006",7.973438,
"CHN","EXCH","TOT","NATUSD","A","2007",7.607532,
"CHN","EXCH","TOT","NATUSD","A","2008",6.948655,
"CHN","EXCH","TOT","NATUSD","A","2009",6.831416,
"CHN","EXCH","TOT","NATUSD","A","2010",6.770269,
"CHN","EXCH","TOT","NATUSD","A","2011",6.461461,
"CHN","EXCH","TOT","NATUSD","A","2012",6.312333,
"CHN","EXCH","TOT","NATUSD","A","2013",6.195758,
"CHN","EXCH","TOT","NATUSD","A","2014",6.143434,
"CHN","EXCH","TOT","NATUSD","A","2015",6.227489,
"CHN","EXCH","TOT","NATUSD","A","2016",6.644478,
"COL","EXCH","TOT","NATUSD","A","2000",2087.903842,
"COL","EXCH","TOT","NATUSD","A","2001",2299.633156,
"COL","EXCH","TOT","NATUSD","A","2002",2504.241331,
"COL","EXCH","TOT","NATUSD","A","2003",2877.652458,
"COL","EXCH","TOT","NATUSD","A","2004",2628.612903,
"COL","EXCH","TOT","NATUSD","A","2005",2320.834177,
"COL","EXCH","TOT","NATUSD","A","2006",2361.139407,
"COL","EXCH","TOT","NATUSD","A","2007",2078.291837,
"COL","EXCH","TOT","NATUSD","A","2008",1967.711309,
"COL","EXCH","TOT","NATUSD","A","2009",2158.255903,
"COL","EXCH","TOT","NATUSD","A","2010",1898.569636,
"COL","EXCH","TOT","NATUSD","A","2011",1848.13947,
"COL","EXCH","TOT","NATUSD","A","2012",1796.895912,
"COL","EXCH","TOT","NATUSD","A","2013",1868.785327,
"COL","EXCH","TOT","NATUSD","A","2014",2001.781048,
"COL","EXCH","TOT","NATUSD","A","2015",2741.880855,
"COL","EXCH","TOT","NATUSD","A","2016",3054.121673,
"EST","EXCH","TOT","NATUSD","A","2000",1.084494,
"EST","EXCH","TOT","NATUSD","A","2001",1.117052,
"EST","EXCH","TOT","NATUSD","A","2002",1.061687,
"EST","EXCH","TOT","NATUSD","A","2003",0.885586,
"EST","EXCH","TOT","NATUSD","A","2004",0.805003,
"EST","EXCH","TOT","NATUSD","A","2005",0.804251,
"EST","EXCH","TOT","NATUSD","A","2006",0.79669,
"EST","EXCH","TOT","NATUSD","A","2007",0.730756,
"EST","EXCH","TOT","NATUSD","A","2008",0.683499,
"EST","EXCH","TOT","NATUSD","A","2009",0.719481,
"EST","EXCH","TOT","NATUSD","A","2010",0.754595,
"EST","EXCH","TOT","NATUSD","A","2011",0.719355,
"EST","EXCH","TOT","NATUSD","A","2012",0.778294,
"EST","EXCH","TOT","NATUSD","A","2013",0.753159,
"EST","EXCH","TOT","NATUSD","A","2014",0.753731,
"EST","EXCH","TOT","NATUSD","A","2015",0.901659,
"EST","EXCH","TOT","NATUSD","A","2016",0.904035,
"IND","EXCH","TOT","NATUSD","A","2000",44.941605,
"IND","EXCH","TOT","NATUSD","A","2001",47.186414,
"IND","EXCH","TOT","NATUSD","A","2002",48.610319,
"IND","EXCH","TOT","NATUSD","A","2003",46.583284,
"IND","EXCH","TOT","NATUSD","A","2004",45.316467,
"IND","EXCH","TOT","NATUSD","A","2005",44.099975,
"IND","EXCH","TOT","NATUSD","A","2006",45.307008,
"IND","EXCH","TOT","NATUSD","A","2007",41.348533,
"IND","EXCH","TOT","NATUSD","A","2008",43.505183,
"IND","EXCH","TOT","NATUSD","A","2009",48.405267,
"IND","EXCH","TOT","NATUSD","A","2010",45.725812,
"IND","EXCH","TOT","NATUSD","A","2011",46.670467,
"IND","EXCH","TOT","NATUSD","A","2012",53.437233,
"IND","EXCH","TOT","NATUSD","A","2013",58.597845,
"IND","EXCH","TOT","NATUSD","A","2014",61.029514,
"IND","EXCH","TOT","NATUSD","A","2015",64.151944,
"IND","EXCH","TOT","NATUSD","A","2016",67.195186,
"IDN","EXCH","TOT","NATUSD","A","2000",8421.775,
"IDN","EXCH","TOT","NATUSD","A","2001",10260.85,
"IDN","EXCH","TOT","NATUSD","A","2002",9311.191667,
"IDN","EXCH","TOT","NATUSD","A","2003",8577.133333,
"IDN","EXCH","TOT","NATUSD","A","2004",8938.85,
"IDN","EXCH","TOT","NATUSD","A","2005",9704.741667,
"IDN","EXCH","TOT","NATUSD","A","2006",9159.316667,
"IDN","EXCH","TOT","NATUSD","A","2007",9141,
"IDN","EXCH","TOT","NATUSD","A","2008",9698.9625,
"IDN","EXCH","TOT","NATUSD","A","2009",10389.9375,
"IDN","EXCH","TOT","NATUSD","A","2010",9090.433333,
"IDN","EXCH","TOT","NATUSD","A","2011",8770.433333,
"IDN","EXCH","TOT","NATUSD","A","2012",9386.629167,
"IDN","EXCH","TOT","NATUSD","A","2013",10461.24,
"IDN","EXCH","TOT","NATUSD","A","2014",11865.211296,
"IDN","EXCH","TOT","NATUSD","A","2015",13389.412937,
"ISR","EXCH","TOT","NATUSD","A","2000",4.077333,
"ISR","EXCH","TOT","NATUSD","A","2001",4.20565,
"ISR","EXCH","TOT","NATUSD","A","2002",4.737825,
"ISR","EXCH","TOT","NATUSD","A","2003",4.554133,
"ISR","EXCH","TOT","NATUSD","A","2004",4.481983,
"ISR","EXCH","TOT","NATUSD","A","2005",4.4877,
"ISR","EXCH","TOT","NATUSD","A","2006",4.455808,
"ISR","EXCH","TOT","NATUSD","A","2007",4.108083,
"ISR","EXCH","TOT","NATUSD","A","2008",3.588021,
"ISR","EXCH","TOT","NATUSD","A","2009",3.932335,
"ISR","EXCH","TOT","NATUSD","A","2010",3.738975,
"ISR","EXCH","TOT","NATUSD","A","2011",3.578129,
"ISR","EXCH","TOT","NATUSD","A","2012",3.855922,
"ISR","EXCH","TOT","NATUSD","A","2013",3.610758,
"ISR","EXCH","TOT","NATUSD","A","2014",3.577925,
"ISR","EXCH","TOT","NATUSD","A","2015",3.886833,
"ISR","EXCH","TOT","NATUSD","A","2016",3.840567,
"RUS","EXCH","TOT","NATUSD","A","2000",28.129167,
"RUS","EXCH","TOT","NATUSD","A","2001",29.168525,
"RUS","EXCH","TOT","NATUSD","A","2002",31.348483,
"RUS","EXCH","TOT","NATUSD","A","2003",30.692025,
"RUS","EXCH","TOT","NATUSD","A","2004",28.813742,
"RUS","EXCH","TOT","NATUSD","A","2005",28.284442,
"RUS","EXCH","TOT","NATUSD","A","2006",27.190958,
"RUS","EXCH","TOT","NATUSD","A","2007",25.580845,
"RUS","EXCH","TOT","NATUSD","A","2008",24.852875,
"RUS","EXCH","TOT","NATUSD","A","2009",31.740358,
"RUS","EXCH","TOT","NATUSD","A","2010",30.367915,
"RUS","EXCH","TOT","NATUSD","A","2011",29.382341,
"RUS","EXCH","TOT","NATUSD","A","2012",30.839831,
"RUS","EXCH","TOT","NATUSD","A","2013",31.837144,
"RUS","EXCH","TOT","NATUSD","A","2014",38.378207,
"RUS","EXCH","TOT","NATUSD","A","2015",60.93765,
"RUS","EXCH","TOT","NATUSD","A","2016",67.055933,
"SVN","EXCH","TOT","NATUSD","A","2000",0.929127,
"SVN","EXCH","TOT","NATUSD","A","2001",1.012973,
"SVN","EXCH","TOT","NATUSD","A","2002",1.002538,
"SVN","EXCH","TOT","NATUSD","A","2003",0.86427,
"SVN","EXCH","TOT","NATUSD","A","2004",0.802792,
"SVN","EXCH","TOT","NATUSD","A","2005",0.804146,
"SVN","EXCH","TOT","NATUSD","A","2006",0.797147,
"SVN","EXCH","TOT","NATUSD","A","2007",0.730638,
"SVN","EXCH","TOT","NATUSD","A","2008",0.682675,
"SVN","EXCH","TOT","NATUSD","A","2009",0.719843,
"SVN","EXCH","TOT","NATUSD","A","2010",0.755045,
"SVN","EXCH","TOT","NATUSD","A","2011",0.719355,
"SVN","EXCH","TOT","NATUSD","A","2012",0.778294,
"SVN","EXCH","TOT","NATUSD","A","2013",0.753159,
"SVN","EXCH","TOT","NATUSD","A","2014",0.753731,
"SVN","EXCH","TOT","NATUSD","A","2015",0.901659,
"SVN","EXCH","TOT","NATUSD","A","2016",0.904035,
"ZAF","EXCH","TOT","NATUSD","A","2000",6.939828,
"ZAF","EXCH","TOT","NATUSD","A","2001",8.609181,
"ZAF","EXCH","TOT","NATUSD","A","2002",10.540747,
"ZAF","EXCH","TOT","NATUSD","A","2003",7.564749,
"ZAF","EXCH","TOT","NATUSD","A","2004",6.459693,
"ZAF","EXCH","TOT","NATUSD","A","2005",6.359328,
"ZAF","EXCH","TOT","NATUSD","A","2006",6.771549,
"ZAF","EXCH","TOT","NATUSD","A","2007",7.045365,
"ZAF","EXCH","TOT","NATUSD","A","2008",8.261223,
"ZAF","EXCH","TOT","NATUSD","A","2009",8.473674,
"ZAF","EXCH","TOT","NATUSD","A","2010",7.321222,
"ZAF","EXCH","TOT","NATUSD","A","2011",7.261132,
"ZAF","EXCH","TOT","NATUSD","A","2012",8.209969,
"ZAF","EXCH","TOT","NATUSD","A","2013",9.655056,
"ZAF","EXCH","TOT","NATUSD","A","2014",10.852656,
"ZAF","EXCH","TOT","NATUSD","A","2015",12.758931,
"ZAF","EXCH","TOT","NATUSD","A","2016",14.709611,
"EU28","EXCH","TOT","NATUSD","A","2000",1.085401,
"EU28","EXCH","TOT","NATUSD","A","2001",1.11751,
"EU28","EXCH","TOT","NATUSD","A","2002",1.062552,
"EU28","EXCH","TOT","NATUSD","A","2003",0.886034,
"EU28","EXCH","TOT","NATUSD","A","2004",0.805365,
"EU28","EXCH","TOT","NATUSD","A","2005",0.80412,
"EU28","EXCH","TOT","NATUSD","A","2006",0.797141,
"EU28","EXCH","TOT","NATUSD","A","2007",0.730638,
"EU28","EXCH","TOT","NATUSD","A","2008",0.682675,
"EU28","EXCH","TOT","NATUSD","A","2009",0.719843,
"EU28","EXCH","TOT","NATUSD","A","2010",0.755045,
"EU28","EXCH","TOT","NATUSD","A","2011",0.719355,
"EU28","EXCH","TOT","NATUSD","A","2012",0.778294,
"EU28","EXCH","TOT","NATUSD","A","2013",0.753159,
"EU28","EXCH","TOT","NATUSD","A","2014",0.753731,
"EU28","EXCH","TOT","NATUSD","A","2015",0.901659,
"EU28","EXCH","TOT","NATUSD","A","2016",0.904035,
"LVA","EXCH","TOT","NATUSD","A","2000",0.862972,
"LVA","EXCH","TOT","NATUSD","A","2001",0.893445,
"LVA","EXCH","TOT","NATUSD","A","2002",0.879607,
"LVA","EXCH","TOT","NATUSD","A","2003",0.813136,
"LVA","EXCH","TOT","NATUSD","A","2004",0.768683,
"LVA","EXCH","TOT","NATUSD","A","2005",0.803519,
"LVA","EXCH","TOT","NATUSD","A","2006",0.797389,
"LVA","EXCH","TOT","NATUSD","A","2007",0.73106,
"LVA","EXCH","TOT","NATUSD","A","2008",0.68414,
"LVA","EXCH","TOT","NATUSD","A","2009",0.719333,
"LVA","EXCH","TOT","NATUSD","A","2010",0.754798,
"LVA","EXCH","TOT","NATUSD","A","2011",0.713191,
"LVA","EXCH","TOT","NATUSD","A","2012",0.778133,
"LVA","EXCH","TOT","NATUSD","A","2013",0.753256,
"LVA","EXCH","TOT","NATUSD","A","2014",0.753731,
"LVA","EXCH","TOT","NATUSD","A","2015",0.901659,
"LVA","EXCH","TOT","NATUSD","A","2016",0.904035,
"LTU","EXCH","TOT","NATUSD","A","2000",1.15848,
"LTU","EXCH","TOT","NATUSD","A","2001",1.15848,
"LTU","EXCH","TOT","NATUSD","A","2002",1.064921,
"LTU","EXCH","TOT","NATUSD","A","2003",0.886488,
"LTU","EXCH","TOT","NATUSD","A","2004",0.805315,
"LTU","EXCH","TOT","NATUSD","A","2005",0.803413,
"LTU","EXCH","TOT","NATUSD","A","2006",0.797099,
"LTU","EXCH","TOT","NATUSD","A","2007",0.730921,
"LTU","EXCH","TOT","NATUSD","A","2008",0.682656,
"LTU","EXCH","TOT","NATUSD","A","2009",0.719426,
"LTU","EXCH","TOT","NATUSD","A","2010",0.754846,
"LTU","EXCH","TOT","NATUSD","A","2011",0.718576,
"LTU","EXCH","TOT","NATUSD","A","2012",0.778004,
"LTU","EXCH","TOT","NATUSD","A","2013",0.753304,
"LTU","EXCH","TOT","NATUSD","A","2014",0.753097,
"LTU","EXCH","TOT","NATUSD","A","2015",0.901659,
"LTU","EXCH","TOT","NATUSD","A","2016",0.904035,
"SAU","EXCH","TOT","NATUSD","A","2000",3.75,
"SAU","EXCH","TOT","NATUSD","A","2001",3.75,
"SAU","EXCH","TOT","NATUSD","A","2002",3.75,
"SAU","EXCH","TOT","NATUSD","A","2003",3.75,
"SAU","EXCH","TOT","NATUSD","A","2004",3.75,
"SAU","EXCH","TOT","NATUSD","A","2005",3.747083,
"SAU","EXCH","TOT","NATUSD","A","2006",3.745,
"SAU","EXCH","TOT","NATUSD","A","2007",3.7475,
"SAU","EXCH","TOT","NATUSD","A","2008",3.75,
"SAU","EXCH","TOT","NATUSD","A","2009",3.75,
"SAU","EXCH","TOT","NATUSD","A","2010",3.75,
"SAU","EXCH","TOT","NATUSD","A","2011",3.75,
"SAU","EXCH","TOT","NATUSD","A","2012",3.75,
"SAU","EXCH","TOT","NATUSD","A","2013",3.75,
"SAU","EXCH","TOT","NATUSD","A","2014",3.75,
"SAU","EXCH","TOT","NATUSD","A","2015",3.75,
"SAU","EXCH","TOT","NATUSD","A","2016",3.75,
"EA19","EXCH","TOT","NATUSD","A","2000",1.085401,
"EA19","EXCH","TOT","NATUSD","A","2001",1.11751,
"EA19","EXCH","TOT","NATUSD","A","2002",1.062552,
"EA19","EXCH","TOT","NATUSD","A","2003",0.886034,
"EA19","EXCH","TOT","NATUSD","A","2004",0.805365,
"EA19","EXCH","TOT","NATUSD","A","2005",0.80412,
"EA19","EXCH","TOT","NATUSD","A","2006",0.797141,
"EA19","EXCH","TOT","NATUSD","A","2007",0.730638,
"EA19","EXCH","TOT","NATUSD","A","2008",0.682675,
"EA19","EXCH","TOT","NATUSD","A","2009",0.719843,
"EA19","EXCH","TOT","NATUSD","A","2010",0.755045,
"EA19","EXCH","TOT","NATUSD","A","2011",0.719355,
"EA19","EXCH","TOT","NATUSD","A","2012",0.778294,
"EA19","EXCH","TOT","NATUSD","A","2013",0.753159,
"EA19","EXCH","TOT","NATUSD","A","2014",0.753731,
"EA19","EXCH","TOT","NATUSD","A","2015",0.901659,
"EA19","EXCH","TOT","NATUSD","A","2016",0.904035,
"ARG","EXCH","TOT","NATUSD","A","2000",0.9995,
"ARG","EXCH","TOT","NATUSD","A","2001",0.9995,
"ARG","EXCH","TOT","NATUSD","A","2002",3.063257,
"ARG","EXCH","TOT","NATUSD","A","2003",2.900629,
"ARG","EXCH","TOT","NATUSD","A","2004",2.923301,
"ARG","EXCH","TOT","NATUSD","A","2005",2.903658,
"ARG","EXCH","TOT","NATUSD","A","2006",3.054313,
"ARG","EXCH","TOT","NATUSD","A","2007",3.095649,
"ARG","EXCH","TOT","NATUSD","A","2008",3.144165,
"ARG","EXCH","TOT","NATUSD","A","2009",3.710107,
"ARG","EXCH","TOT","NATUSD","A","2010",3.896295,
"ARG","EXCH","TOT","NATUSD","A","2011",4.11014,
"ARG","EXCH","TOT","NATUSD","A","2012",4.536934,
"ARG","EXCH","TOT","NATUSD","A","2013",5.459353,
"ARG","EXCH","TOT","NATUSD","A","2014",8.075276,
"ARG","EXCH","TOT","NATUSD","A","2015",9.233186,
"ARG","EXCH","TOT","NATUSD","A","2016",14.758175,
"CRI","EXCH","TOT","NATUSD","A","2000",308.186667,
"CRI","EXCH","TOT","NATUSD","A","2001",328.870833,
"CRI","EXCH","TOT","NATUSD","A","2002",359.817527,
"CRI","EXCH","TOT","NATUSD","A","2003",398.662222,
"CRI","EXCH","TOT","NATUSD","A","2004",437.935,
"CRI","EXCH","TOT","NATUSD","A","2005",477.786741,
"CRI","EXCH","TOT","NATUSD","A","2006",511.301818,
"CRI","EXCH","TOT","NATUSD","A","2007",516.61739,
"CRI","EXCH","TOT","NATUSD","A","2008",526.235513,
"CRI","EXCH","TOT","NATUSD","A","2009",573.287957,
"CRI","EXCH","TOT","NATUSD","A","2010",525.829201,
"CRI","EXCH","TOT","NATUSD","A","2011",505.66424,
"CRI","EXCH","TOT","NATUSD","A","2012",502.901462,
"CRI","EXCH","TOT","NATUSD","A","2013",499.766833,
"CRI","EXCH","TOT","NATUSD","A","2014",538.3172,
"CRI","EXCH","TOT","NATUSD","A","2015",534.56577,
"CRI","EXCH","TOT","NATUSD","A","2016",544.739367,
"BGR","EXCH","TOT","NATUSD","A","2000",2.123275,
"BGR","EXCH","TOT","NATUSD","A","2001",2.184708,
"BGR","EXCH","TOT","NATUSD","A","2002",2.076975,
"BGR","EXCH","TOT","NATUSD","A","2003",1.732702,
"BGR","EXCH","TOT","NATUSD","A","2004",1.575109,
"BGR","EXCH","TOT","NATUSD","A","2005",1.574133,
"BGR","EXCH","TOT","NATUSD","A","2006",1.559267,
"BGR","EXCH","TOT","NATUSD","A","2007",1.42905,
"BGR","EXCH","TOT","NATUSD","A","2008",1.337117,
"BGR","EXCH","TOT","NATUSD","A","2009",1.406692,
"BGR","EXCH","TOT","NATUSD","A","2010",1.477392,
"BGR","EXCH","TOT","NATUSD","A","2011",1.406458,
"BGR","EXCH","TOT","NATUSD","A","2012",1.52205,
"BGR","EXCH","TOT","NATUSD","A","2013",1.473567,
"BGR","EXCH","TOT","NATUSD","A","2014",1.474183,
"BGR","EXCH","TOT","NATUSD","A","2015",1.7644,
"BGR","EXCH","TOT","NATUSD","A","2016",1.768042,
"HRV","EXCH","TOT","NATUSD","A","2000",8.277666,
"HRV","EXCH","TOT","NATUSD","A","2001",8.341541,
"HRV","EXCH","TOT","NATUSD","A","2002",7.871683,
"HRV","EXCH","TOT","NATUSD","A","2003",6.704969,
"HRV","EXCH","TOT","NATUSD","A","2004",6.034341,
"HRV","EXCH","TOT","NATUSD","A","2005",5.949237,
"HRV","EXCH","TOT","NATUSD","A","2006",5.837793,
"HRV","EXCH","TOT","NATUSD","A","2007",5.364536,
"HRV","EXCH","TOT","NATUSD","A","2008",4.93504,
"HRV","EXCH","TOT","NATUSD","A","2009",5.283946,
"HRV","EXCH","TOT","NATUSD","A","2010",5.498011,
"HRV","EXCH","TOT","NATUSD","A","2011",5.34387,
"HRV","EXCH","TOT","NATUSD","A","2012",5.850292,
"HRV","EXCH","TOT","NATUSD","A","2013",5.70488,
"HRV","EXCH","TOT","NATUSD","A","2014",5.748165,
"HRV","EXCH","TOT","NATUSD","A","2015",6.858304,
"HRV","EXCH","TOT","NATUSD","A","2016",6.80599,
"CYP","EXCH","TOT","NATUSD","A","2000",1.063449,
"CYP","EXCH","TOT","NATUSD","A","2001",1.098814,
"CYP","EXCH","TOT","NATUSD","A","2002",1.043375,
"CYP","EXCH","TOT","NATUSD","A","2003",0.884104,
"CYP","EXCH","TOT","NATUSD","A","2004",0.800652,
"CYP","EXCH","TOT","NATUSD","A","2005",0.792912,
"CYP","EXCH","TOT","NATUSD","A","2006",0.784104,
"CYP","EXCH","TOT","NATUSD","A","2007",0.728078,
"CYP","EXCH","TOT","NATUSD","A","2008",0.682675,
"CYP","EXCH","TOT","NATUSD","A","2009",0.719843,
"CYP","EXCH","TOT","NATUSD","A","2010",0.755045,
"CYP","EXCH","TOT","NATUSD","A","2011",0.719355,
"CYP","EXCH","TOT","NATUSD","A","2012",0.778294,
"CYP","EXCH","TOT","NATUSD","A","2013",0.753159,
"CYP","EXCH","TOT","NATUSD","A","2014",0.753731,
"CYP","EXCH","TOT","NATUSD","A","2015",0.901659,
"CYP","EXCH","TOT","NATUSD","A","2016",0.904035,
"MLT","EXCH","TOT","NATUSD","A","2000",1.020615,
"MLT","EXCH","TOT","NATUSD","A","2001",1.048315,
"MLT","EXCH","TOT","NATUSD","A","2002",1.010064,
"MLT","EXCH","TOT","NATUSD","A","2003",0.878717,
"MLT","EXCH","TOT","NATUSD","A","2004",0.802849,
"MLT","EXCH","TOT","NATUSD","A","2005",0.805445,
"MLT","EXCH","TOT","NATUSD","A","2006",0.794069,
"MLT","EXCH","TOT","NATUSD","A","2007",0.726007,
"MLT","EXCH","TOT","NATUSD","A","2008",0.682675,
"MLT","EXCH","TOT","NATUSD","A","2009",0.719843,
"MLT","EXCH","TOT","NATUSD","A","2010",0.755045,
"MLT","EXCH","TOT","NATUSD","A","2011",0.719355,
"MLT","EXCH","TOT","NATUSD","A","2012",0.778294,
"MLT","EXCH","TOT","NATUSD","A","2013",0.753159,
"MLT","EXCH","TOT","NATUSD","A","2014",0.753731,
"MLT","EXCH","TOT","NATUSD","A","2015",0.901659,
"MLT","EXCH","TOT","NATUSD","A","2016",0.904035,
"ROU","EXCH","TOT","NATUSD","A","2000",2.170872,
"ROU","EXCH","TOT","NATUSD","A","2001",2.906079,
"ROU","EXCH","TOT","NATUSD","A","2002",3.305543,
"ROU","EXCH","TOT","NATUSD","A","2003",3.320007,
"ROU","EXCH","TOT","NATUSD","A","2004",3.263657,
"ROU","EXCH","TOT","NATUSD","A","2005",2.913653,
"ROU","EXCH","TOT","NATUSD","A","2006",2.808983,
"ROU","EXCH","TOT","NATUSD","A","2007",2.43825,
"ROU","EXCH","TOT","NATUSD","A","2008",2.518858,
"ROU","EXCH","TOT","NATUSD","A","2009",3.049325,
"ROU","EXCH","TOT","NATUSD","A","2010",3.1779,
"ROU","EXCH","TOT","NATUSD","A","2011",3.048608,
"ROU","EXCH","TOT","NATUSD","A","2012",3.4682,
"ROU","EXCH","TOT","NATUSD","A","2013",3.327917,
"ROU","EXCH","TOT","NATUSD","A","2014",3.349175,
"ROU","EXCH","TOT","NATUSD","A","2015",4.005667,
"ROU","EXCH","TOT","NATUSD","A","2016",4.078792,
