Country	Year	Publisher	Totalcost
Chile	2008	American Chemical Society (ACS)	234463.799724
Chile	2008	Annual Reviews	153958.27425
Chile	2008	Elsevier	2815534.819944
Chile	2008	Nature Publishing Group	356065.1391
Chile	2008	Oxford University Press (OUP)	123223.423917
Chile	2008	Science Magazine	0
Chile	2008	Springer	550011.99
Chile	2008	Wiley / Blackwell	1297682.059344
Chile	2009	American Chemical Society (ACS)	246152.907
Chile	2009	Annual Reviews	91833.96915
Chile	2009	Elsevier	3087987.316656
Chile	2009	Nature Publishing Group	640946.103468
Chile	2009	Oxford University Press (OUP)	130616.126058
Chile	2009	Science Magazine	0
Chile	2009	Springer	566512.3497
Chile	2009	Wiley / Blackwell	1372939.027779
Chile	2010	American Chemical Society (ACS)	261571.2759
Chile	2010	Annual Reviews	84740.617797
Chile	2010	Elsevier	3383268.917589
Chile	2010	Nature Publishing Group	679408.171431
Chile	2010	Oxford University Press (OUP)	138454.247745
Chile	2010	Science Magazine	109455.090987
Chile	2010	Springer	583507.720191
Chile	2010	Wiley / Blackwell	1448663.957235
Chile	2011	American Chemical Society (ACS)	274649.839695
Chile	2011	Annual Reviews	82912.053345
Chile	2011	Elsevier	3656794.388511
Chile	2011	Nature Publishing Group	726966.175386
Chile	2011	Oxford University Press (OUP)	142606.38744
Chile	2011	Science Magazine	127749.752097
Chile	2011	Springer	583816.989228
Chile	2011	Wiley / Blackwell	0
Chile	2012	American Chemical Society (ACS)	306511.763778
Chile	2012	Annual Reviews	160459.23564
Chile	2012	Elsevier	4119539.312196
Chile	2012	Nature Publishing Group	949906.77309
Chile	2012	Oxford University Press (OUP)	162348.211245
Chile	2012	Science Magazine	178684.469007
Chile	2012	Springer	743433.173703
Chile	2012	Wiley / Blackwell	1376127.294003
Chile	2013	American Chemical Society (ACS)	401485.309566
Chile	2013	Annual Reviews	140442.40584
Chile	2013	Elsevier	5717104.13835
Chile	2013	Nature Publishing Group	995258.417472
Chile	2013	Oxford University Press (OUP)	257274.870765
Chile	2013	Science Magazine	186961.698627
Chile	2013	Springer	834993.940176
Chile	2013	Wiley / Blackwell	1493678.381151
Chile	2014	American Chemical Society (ACS)	421559.845542
Chile	2014	Annual Reviews	152209.05579
Chile	2014	Elsevier	5916805.376988
Chile	2014	Nature Publishing Group	1042317.804
Chile	2014	Oxford University Press (OUP)	282681.818067
Chile	2014	Science Magazine	194316.53109
Chile	2014	Springer	936809.274456
Chile	2014	Wiley / Blackwell	1417686.560631
Chile	2015	American Chemical Society (ACS)	405683.43387
Chile	2015	Annual Reviews	143106.808185
Chile	2015	Elsevier	6390150.203877
Chile	2015	Nature Publishing Group	1092826.937862
Chile	2015	Oxford University Press (OUP)	291161.920962
Chile	2015	Science Magazine	200469.452106
Chile	2015	Springer	983649.557847
Chile	2015	Wiley / Blackwell	1460216.914002
Finland	2010	Aalto-yliopisto	106641
Finland	2010	Adato Energia Oy	473
Finland	2010	AIP/APS	10616
Finland	2010	Alexander Street Press	4773
Finland	2010	American Association for the Advancement of Science (AAAS)	65557
Finland	2010	American Chemical Society (ACS)	510368
Finland	2010	American Council of Learned Societies (ACLS)	2346
Finland	2010	American Dietetic Association (ADA)	507
Finland	2010	American Mathematical Society (AMS)	27244
Finland	2010	American Society of Civil Engineers (ASCE)	10657
Finland	2010	American Society Of Mechanical Engineers (ASME)	4380
Finland	2010	Annual Reviews	19944
Finland	2010	Artstor	2177
Finland	2010	ASM International	6429
Finland	2010	Association for Computer Machinery (ACM)	80007
Finland	2010	Association of Asian Studies (AAS)	951
Finland	2010	Beck	5455
Finland	2010	Benjamins	1439
Finland	2010	Bloomberg BNA	1675
Finland	2010	BMJ Group	13472
Finland	2010	Brepols	3890
Finland	2010	Brill	1092
Finland	2010	Britannica	1301
Finland	2010	BTJ Kirjastopalvelu	80371
Finland	2010	Bureau van Dijk	40544
Finland	2010	Burgundy	5007
Finland	2010	Cambridge University Press	1047
Finland	2010	Cengage Learning	12547
Finland	2010	Centre for Agriculture and Biosciences International (CABI)	1416
Finland	2010	Centre for Economic Policy Research (CEPR)	3416
Finland	2010	Chemical Abstracts Service (CAS)	128047
Finland	2010	Communication Institute for Online Scholarship (CIOS)	636
Finland	2010	CompOpus	485
Finland	2010	CSC - Tieteen tietotekniikan keskus	7219
Finland	2010	CSH Press	1967
Finland	2010	Datamonitor	5022
Finland	2010	Duodecim	176935
Finland	2010	East View	11090
Finland	2010	EBSCO/SAGE/WILSON	809792
Finland	2010	Edita	130018
Finland	2010	EI	1831
Finland	2010	Ellibs	2710
Finland	2010	Elsevier	6409076
Finland	2010	Emerald	145074
Finland	2010	eMusicQuest	369
Finland	2010	Encyclopedia Britannica	22586
Finland	2010	Esmerk/M-brain	6411
Finland	2010	ETLA	2894
Finland	2010	Euromonitor International	22000
Finland	2010	Expert Information Ltd. /ProQuest	614
Finland	2010	FinELib	42052
Finland	2010	FinPro	690
Finland	2010	Fonecta	9388
Finland	2010	Gale	4381
Finland	2010	Gartner	29758
Finland	2010	Grove	986
Finland	2010	Helsingin Sanomat	26987
Finland	2010	HighWire	16345
Finland	2010	IEEE	292060
Finland	2010	Ifis Publishing	470
Finland	2010	IFSR	5764
Finland	2010	IMF	516
Finland	2010	Informa	15500
Finland	2010	Institute of Physics (IOP)	19312
Finland	2010	Integrum	49800
Finland	2010	International Bureau of Fiscal Documentation (IBFD)	440
Finland	2010	International Telecommunications Union (IT)	616
Finland	2010	John Hopkins University Press	56769
Finland	2010	JSTOR	95325
Finland	2010	Kansalliskirjasto	51517
Finland	2010	Kauppalehti	31643
Finland	2010	Kielikone	204987
Finland	2010	Kirjavälitys	562
Finland	2010	Knovel	26729
Finland	2010	Know China Technology	4780
Finland	2010	Kompass	3356
Finland	2010	Lehtimarket	2484
Finland	2010	Lippincott Williams & Wilkins (LWW)	89008
Finland	2010	LM Tietopalvelut	114653
Finland	2010	Lovdata	520
Finland	2010	Maney Publishing	8781
Finland	2010	Marketing Science Institute	240
Finland	2010	Materials Research Society (MRS)	944
Finland	2010	McGraw-Hill	4038
Finland	2010	Metsäkustannus	300
Finland	2010	Metsäntutkimuslaitos (Metla)	1345
Finland	2010	Mid Sweden University	791
Finland	2010	National Bureau of Economic Research (NBER)	2105
Finland	2010	Nationalencyklopedin	12986
Finland	2010	Nature Publishing Group	377374
Finland	2010	Naxos Digital Services	450
Finland	2010	NewspaperDirect 	1602
Finland	2010	Niedersächsische Staats- und Universitätsbibliothek Göttingen	600
Finland	2010	OECD	64800
Finland	2010	Online Computer Library Center (OCLC)	2114
Finland	2010	OTDBASE	241
Finland	2010	Ovid	104492
Finland	2010	Oxford University Press (OUP)	76098
Finland	2010	Palgrave Macmillan	1435
Finland	2010	Pira International	1680
Finland	2010	PressReader	11081
Finland	2010	PrioInfo	12778
Finland	2010	Project Muse	16510
Finland	2010	ProQuest	747545
Finland	2010	PSK Standardisointiyhdistys	3310
Finland	2010	R.R. Bowker	6090
Finland	2010	Rakennustieto	18661
Finland	2010	Retriever	2400
Finland	2010	Riksarkivet	1931
Finland	2010	Royal Adelaide Hospital	2732
Finland	2010	Royal Society of Chemistry (RSC)	24517
Finland	2010	Sage	497372
Finland	2010	Sähköinfo Oy	2302
Finland	2010	Sanoma	2240
Finland	2010	SPARC Europe	600
Finland	2010	Springer	1296088
Finland	2010	Statistikcentralen	1253
Finland	2010	Suomalaisen Kirjallisuuden Seura (SKS)	8367
Finland	2010	Suomen asiakastieto Oy	1593
Finland	2010	Suomen Eura-ryhmä / Mikko Syvänne tmi	1500
Finland	2010	Suomen Standardisoimisliitto SFS	164104
Finland	2010	Swets	682246
Finland	2010	Talentum	138034
Finland	2010	Taylor & Francis	55657
Finland	2010	The National Bureau of Economic Research	594
Finland	2010	The Optical Society (OSA)	12721
Finland	2010	Thieme	6050
Finland	2010	Thomson Reuters	487600
Finland	2010	Tilastokeskus	43571
Finland	2010	University of Helsinki	45318
Finland	2010	Urban View	225
Finland	2010	Utrikespolitiska Institutet	496
Finland	2010	Viite & Hakuteos & kokotekstietokannat:  tilattu useilta kotimaiselta ja kansainväliseltä kustantajalta tai välittäjältä	152463
Finland	2010	VTT	5952
Finland	2010	Walter de Gruyter GMBH	1429
Finland	2010	Warc Ltd	3750
Finland	2010	Wiley / Blackwell	1661276
Finland	2010	Wize Nordic	32974
Finland	2010	Wolters Kluwer	14121
Finland	2010	Wolters Kluwer Health	223953
Finland	2010	World Scientific Publishing	863
Finland	2010	WSOY	137681
Finland	2011	Aalto-yliopisto	105116
Finland	2011	Adato Energia Oy	473
Finland	2011	AIP/APS	50353
Finland	2011	Alexander Street Press	5950
Finland	2011	American Association for Cancer Research (AACR) /Ebsco	5249
Finland	2011	American Association for the Advancement of Science (AAAS)	71098
Finland	2011	American Chemical Society (ACS)	530295
Finland	2011	American Council of Learned Societies (ACLS)	1477
Finland	2011	American Dietetic Association (ADA)	1320
Finland	2011	American Mathematical Society (AMS)	48703
Finland	2011	American Society Microbiology (ASM)	3079
Finland	2011	American Society of Civil Engineers (ASCE)	11369
Finland	2011	American Society Of Mechanical Engineers (ASME)	4196
Finland	2011	Annual Reviews	21580
Finland	2011	Artstor	17696
Finland	2011	ASM International	3431
Finland	2011	Association for Computer Machinery (ACM)	69586
Finland	2011	Association for the Advancement of Computing in Education (AACE)	1223
Finland	2011	Association of Asian Studies (AAS)	1017
Finland	2011	Backpages LTD	937
Finland	2011	Beck	5500
Finland	2011	Benjamins	1770
Finland	2011	Bloomberg BNA	1720
Finland	2011	BMJ Group	23731
Finland	2011	Bonnier	4580
Finland	2011	Brepols	3800
Finland	2011	Brill	1151
Finland	2011	Britannica	1451
Finland	2011	BTJ Kirjastopalvelu	83776
Finland	2011	Bureau van Dijk	49448
Finland	2011	Burgundy	6427
Finland	2011	Cambridge University Press	1055
Finland	2011	Cengage Learning	12616
Finland	2011	Centre for Agriculture and Biosciences International (CABI)	1362
Finland	2011	Centre for Economic Policy Research (CEPR)	3055
Finland	2011	Chemical Abstracts Service (CAS)	126684
Finland	2011	Communication Institute for Online Scholarship (CIOS)	553
Finland	2011	CompOpus	620
Finland	2011	CSC - Tieteen tietotekniikan keskus	9552
Finland	2011	CSH Press	2265
Finland	2011	Datamonitor	9192
Finland	2011	DRAM 	457
Finland	2011	Duodecim	227922
Finland	2011	East View	9555
Finland	2011	EBSCO/SAGE/WILSON	1756966
Finland	2011	Edita	132531
Finland	2011	EI	1655
Finland	2011	Elib	1388
Finland	2011	Ellibs	3323
Finland	2011	Elsevier	6843542
Finland	2011	Emerald	163286
Finland	2011	eMusicQuest	370
Finland	2011	Encyclopedia Britannica	22009
Finland	2011	Esmerk/M-brain	5520
Finland	2011	ETLA	2373
Finland	2011	Euromonitor International	25000
Finland	2011	European Directorate for the Quality of Medicines (EDQM)	342
Finland	2011	FAR Akademi	2289
Finland	2011	FinELib	36855
Finland	2011	FinPro	1390
Finland	2011	Fonecta	12516
Finland	2011	Futere CAD	2641
Finland	2011	Gale	4482
Finland	2011	Gartner	30000
Finland	2011	Grove	1018
Finland	2011	Helsingin Sanomat	26072
Finland	2011	HighWire	16676
Finland	2011	IEEE	306326
Finland	2011	IFSR	6449
Finland	2011	IMF	1586
Finland	2011	Informa	15509
Finland	2011	Innventia	3000
Finland	2011	Institute of Physics (IOP)	15132
Finland	2011	Integrum	49800
Finland	2011	Intelex corporation	185
Finland	2011	International Bureau of Fiscal Documentation (IBFD)	470
Finland	2011	IPA Source	460
Finland	2011	John Benjamins	542
Finland	2011	John Hopkins University Press	59860
Finland	2011	JSTOR	87527
Finland	2011	Kansalliskirjasto	53162
Finland	2011	Kauppalehti	36795
Finland	2011	Kielikone	159113
Finland	2011	Kirjavälitys	562
Finland	2011	Knovel	29494
Finland	2011	Kompass	3037
Finland	2011	Lehtimarket	3412
Finland	2011	LexisNexis	13200
Finland	2011	Liber	1862
Finland	2011	Lippincott Williams & Wilkins (LWW)	94275
Finland	2011	LM Tietopalvelut	146679
Finland	2011	Lovdata	564
Finland	2011	Maney Publishing	6576
Finland	2011	Marketing Science Institute	373
Finland	2011	Mary Ann Liebert Inc	8160
Finland	2011	Masterworkshop Ltd	29540
Finland	2011	Material ConneXion	2692
Finland	2011	Materials Research Society (MRS)	947
Finland	2011	McGraw-Hill	6671
Finland	2011	Metsäkustannus	300
Finland	2011	Metsäntutkimuslaitos (Metla)	1938
Finland	2011	Metsätalouden kehittämiskeskus Tapio	589
Finland	2011	Mid Sweden University	921
Finland	2011	MIPP International	2599
Finland	2011	Mudpie	2700
Finland	2011	National Bureau of Economic Research (NBER)	2329
Finland	2011	Nationalencyklopedin	15830
Finland	2011	Nature Publishing Group	417595
Finland	2011	Naxos Digital Services	3685
Finland	2011	NewspaperDirect 	1496
Finland	2011	Niedersächsische Staats- und Universitätsbibliothek Göttingen	600
Finland	2011	OECD	72214
Finland	2011	Online Computer Library Center (OCLC)	2219
Finland	2011	Optics Infobase Package - Optical Society of America	12515
Finland	2011	Oriprobe	936
Finland	2011	OTDBASE	215
Finland	2011	Ovid	203273
Finland	2011	Oxford University Press (OUP)	80021
Finland	2011	Palgrave Macmillan	2489
Finland	2011	Pharmaceutical Press	1950
Finland	2011	Pira International	1718
Finland	2011	PressReader	11859
Finland	2011	PrioInfo	10146
Finland	2011	Project Muse	17225
Finland	2011	ProQuest	827218
Finland	2011	PSK Standardisointiyhdistys	3310
Finland	2011	R.R. Bowker	6140
Finland	2011	Rakennustieto	16429
Finland	2011	Retriever	2700
Finland	2011	Richard Boorberg Verlag GmbH & Co KG	255
Finland	2011	Riksarkivet	4048
Finland	2011	Royal Adelaide Hospital	2732
Finland	2011	Royal Society of Chemistry (RSC)	28808
Finland	2011	Sage	551122
Finland	2011	Sähköinfo Oy	2320
Finland	2011	Savon Media	459
Finland	2011	SPARC Europe	600
Finland	2011	Springer	1360788
Finland	2011	SSRN	947
Finland	2011	Statistikcentralen	1253
Finland	2011	Suomalaisen Kirjallisuuden Seura (SKS)	8367
Finland	2011	Suomen asiakastieto Oy	1600
Finland	2011	Suomen Eura-ryhmä / Mikko Syvänne tmi	1500
Finland	2011	Suomen Standardisoimisliitto SFS	171872
Finland	2011	Talentum	156563
Finland	2011	Taylor & Francis	61483
Finland	2011	The National Bureau of Economic Research	622
Finland	2011	The Optical Society (OSA)	12326
Finland	2011	Thieme	13270
Finland	2011	Thomson Reuters	536811
Finland	2011	Tilastokeskus	40096
Finland	2011	Tutkimus- ja Analysointikeskus TAK	2976
Finland	2011	UN Publ.	3375
Finland	2011	University of Helsinki	43730
Finland	2011	University of Oxford Oriental Studies Faculty	597
Finland	2011	Urban View	2475
Finland	2011	Utrikespolitiska Institutet	758
Finland	2011	Viite & Hakuteos & kokotekstietokannat:  tilattu useilta kotimaiselta ja kansainväliseltä kustantajalta tai välittäjältä	44799
Finland	2011	VTT	6000
Finland	2011	Walter de Gruyter GMBH	1429
Finland	2011	Warc Ltd	3900
Finland	2011	Wiley / Blackwell	2063012
Finland	2011	William S. Hein & Co. Inc.	1887
Finland	2011	Wize Nordic	29648
Finland	2011	Wolters Kluwer	11089
Finland	2011	Wolters Kluwer Health	193773
Finland	2011	World Global Style Network (WGSN)	6042
Finland	2011	World Scientific Publishing	896
Finland	2011	WSOY	130244
Finland	2011	Zentralverband Gartenbau e.V.	50
Finland	2012	Aalto-yliopisto	58454
Finland	2012	Adato Energia Oy	497
Finland	2012	Adelaide Research & Innovation	3868
Finland	2012	AIP/APS	51881
Finland	2012	American Association for Cancer Research (AACR) /Ebsco	5777
Finland	2012	American Association for the Advancement of Science (AAAS)	84745
Finland	2012	American Chemical Society (ACS)	589546
Finland	2012	American Dietetic Association (ADA)	1022
Finland	2012	American Mathematical Society (AMS)	52077
Finland	2012	American Medical Association (AMA)	12118
Finland	2012	American Society Microbiology (ASM)	3264
Finland	2012	American Society of Civil Engineers (ASCE)	12818
Finland	2012	American Society Of Mechanical Engineers (ASME)	4980
Finland	2012	Annual Reviews	23746
Finland	2012	Artstor	9334
Finland	2012	ASM International	3858
Finland	2012	Association for Computer Machinery (ACM)	83044
Finland	2012	Association for the Advancement of Computing in Education (AACE)	2602
Finland	2012	Backpages LTD	974
Finland	2012	Beck	5500
Finland	2012	BioOne	3800
Finland	2012	Bloomberg BNA	1800
Finland	2012	BMJ Group	23279
Finland	2012	Bonnier	12287
Finland	2012	Brepols	6486
Finland	2012	Brill	1345
Finland	2012	Britannica	1513
Finland	2012	BTJ Kirjastopalvelu	111899
Finland	2012	Bureau van Dijk	63550
Finland	2012	Burgundy	7612
Finland	2012	Cambridge University Press	927
Finland	2012	Cengage Learning	14150
Finland	2012	Centre for Agriculture and Biosciences International (CABI)	1799
Finland	2012	Centre for Economic Policy Research (CEPR)	3485
Finland	2012	Chemical Abstracts Service (CAS)	138783
Finland	2012	Communication Institute for Online Scholarship (CIOS)	623
Finland	2012	CompOpus	620
Finland	2012	CSC - Tieteen tietotekniikan keskus	11518
Finland	2012	Datamonitor	6805
Finland	2012	DRAM 	457
Finland	2012	Duodecim	289795
Finland	2012	East View	4257
Finland	2012	EBSCO/SAGE/WILSON	1966064
Finland	2012	Edita	141357
Finland	2012	Elib	4266
Finland	2012	Ellibs	6810
Finland	2012	Elsevier	7380638
Finland	2012	Emerald	199179
Finland	2012	Encyclopedia Britannica	22693
Finland	2012	Esmerk/M-brain	5520
Finland	2012	ETLA	2373
Finland	2012	Euromonitor International	26000
Finland	2012	European Directorate for the Quality of Medicines (EDQM)	336
Finland	2012	Expert Information Ltd. /ProQuest	647
Finland	2012	FAR Akademi	2514
Finland	2012	FinELib	40718
Finland	2012	FinPro	2169
Finland	2012	Fonecta	12516
Finland	2012	Gale	4923
Finland	2012	Gartner	30000
Finland	2012	Grove	1089
Finland	2012	Helsingin Sanomat	27985
Finland	2012	Helsingin seudun kauppakamari	5557
Finland	2012	HighWire	18746
Finland	2012	IEEE	392571
Finland	2012	IFSR	6449
Finland	2012	Iisalmen Sanomat	146
Finland	2012	IMF	1613
Finland	2012	Informa	34529
Finland	2012	Innventia	3000
Finland	2012	Institute of Physics (IOP)	18576
Finland	2012	Integrum	44564
Finland	2012	Intelex corporation	185
Finland	2012	International Bureau of Fiscal Documentation (IBFD)	505
Finland	2012	John Benjamins	458
Finland	2012	John Hopkins University Press	75229
Finland	2012	JSTOR	98091
Finland	2012	Kansalliskirjasto	59603
Finland	2012	Kauppalehti	48028
Finland	2012	Kielikone	164925
Finland	2012	Kirjavälitys	573
Finland	2012	Knovel	33173
Finland	2012	Know China Technology	2617
Finland	2012	Kompass	3037
Finland	2012	Lehtimarket	2648
Finland	2012	LexisNexis	13860
Finland	2012	Liber	1494
Finland	2012	Lippincott Williams & Wilkins (LWW)	97316
Finland	2012	LM Tietopalvelut	250247
Finland	2012	Lovdata	606
Finland	2012	MacLaser	1125
Finland	2012	Maney Publishing	6821
Finland	2012	Mary Ann Liebert Inc	8400
Finland	2012	Masterworkshop Ltd	29540
Finland	2012	Material ConneXion	4382
Finland	2012	Materials Research Society (MRS)	1096
Finland	2012	McGraw-Hill	7377
Finland	2012	Metsäkustannus	300
Finland	2012	Metsäntutkimuslaitos (Metla)	1568
Finland	2012	Metsätalouden kehittämiskeskus Tapio	2189
Finland	2012	Mid Sweden University	952
Finland	2012	Mudpie	3024
Finland	2012	National Bureau of Economic Research (NBER)	2536
Finland	2012	Nationalencyklopedin	16116
Finland	2012	Nature Publishing Group	582963
Finland	2012	Naxos Digital Services	450
Finland	2012	NewspaperDirect 	1845
Finland	2012	Niedersächsische Staats- und Universitätsbibliothek Göttingen	600
Finland	2012	OECD	83933
Finland	2012	Online Computer Library Center (OCLC)	2412
Finland	2012	Optics Infobase Package - Optical Society of America	13628
Finland	2012	Oriprobe	1996
Finland	2012	Ornanet	1165
Finland	2012	OTDBASE	244
Finland	2012	Ovid	187417
Finland	2012	Oxford University Press (OUP)	91318
Finland	2012	Palgrave Macmillan	3359
Finland	2012	Pira International	1796
Finland	2012	PressReader	15850
Finland	2012	PrioInfo	9444
Finland	2012	Progressive Digital Media Ltd.	9018
Finland	2012	Project Muse	18755
Finland	2012	ProQuest	966376
Finland	2012	PSK Standardisointiyhdistys	4360
Finland	2012	R.R. Bowker	3420
Finland	2012	Rakennustieto	31815
Finland	2012	Retriever	2700
Finland	2012	Riksarkivet	4212
Finland	2012	RIPM Publications	4100
Finland	2012	Royal Society of Chemistry (RSC)	33252
Finland	2012	Sage	650606
Finland	2012	Sähköinfo Oy	2254
Finland	2012	Sanoma Pro Oy	6451
Finland	2012	Savon Media	3641
Finland	2012	SPARC Europe	600
Finland	2012	SPIE	19034
Finland	2012	Springer	1407113
Finland	2012	SSRN	925
Finland	2012	Statistikcentralen	1253
Finland	2012	Suomalaisen Kirjallisuuden Seura (SKS)	8367
Finland	2012	Suomen asiakastieto Oy	1600
Finland	2012	Suomen Eura-ryhmä / Mikko Syvänne tmi	1500
Finland	2012	Suomen Standardisoimisliitto SFS	203903
Finland	2012	Swets	2016
Finland	2012	Talentum	169425
Finland	2012	Taylor & Francis	99287
Finland	2012	The Financial Times	8366
Finland	2012	The National Bureau of Economic Research	684
Finland	2012	The Optical Society (OSA)	12494
Finland	2012	Thieme	19832
Finland	2012	Thomson Reuters	665244
Finland	2012	Tilastokeskus	43761
Finland	2012	Tutkimus- ja Analysointikeskus TAK	1788
Finland	2012	UN Publ.	3409
Finland	2012	University of Chicago Press	231
Finland	2012	University of Helsinki	39047
Finland	2012	University of Oxford Oriental Studies Faculty	750
Finland	2012	Urban View	3000
Finland	2012	Utrikespolitiska Institutet	827
Finland	2012	Viite & Hakuteos & kokotekstietokannat:  tilattu useilta kotimaiselta ja kansainväliseltä kustantajalta tai välittäjältä	91303
Finland	2012	VTT	6000
Finland	2012	Walter de Gruyter GMBH	1429
Finland	2012	Warc Ltd	3946
Finland	2012	Warkauden lehti	146
Finland	2012	Wiley / Blackwell	2294498
Finland	2012	William S. Hein & Co. Inc.	3421
Finland	2012	Wize Nordic	30546
Finland	2012	Wolters Kluwer	11615
Finland	2012	Wolters Kluwer Health	215716
Finland	2012	World Global Style Network (WGSN)	12152
Finland	2012	World Scientific Publishing	1063
Finland	2012	WSOY	145622
Finland	2012	Zentralverband Gartenbau e.V.	50
Finland	2013	Aalto-yliopisto	64492
Finland	2013	Adato Energia Oy	1630
Finland	2013	AIP/APS	46490
Finland	2013	Alexander Street Press	10937
Finland	2013	American Association for Cancer Research (AACR) /Ebsco	5903
Finland	2013	American Association for the Advancement of Science (AAAS)	87101
Finland	2013	American Chemical Society (ACS)	615601
Finland	2013	American Council of Learned Societies (ACLS)	1976
Finland	2013	American Mathematical Society (AMS)	53087
Finland	2013	American Medical Association (AMA)	13216
Finland	2013	American Society Microbiology (ASM)	3400
Finland	2013	American Society of Civil Engineers (ASCE)	14266
Finland	2013	American Society Of Mechanical Engineers (ASME)	5203
Finland	2013	Annual Reviews	25127
Finland	2013	Artstor	9745
Finland	2013	ASM International	3769
Finland	2013	Association for Computer Machinery (ACM)	72954
Finland	2013	Association for the Advancement of Computing in Education (AACE)	1414
Finland	2013	Backpages LTD	1047
Finland	2013	Beck	5900
Finland	2013	Benjamins	1395
Finland	2013	Biering & Brinkmann Verlag	198
Finland	2013	BioOne	4049
Finland	2013	Bloomberg BNA	2200
Finland	2013	Bloomsbury Publishing	4660
Finland	2013	BMJ Group	24007
Finland	2013	Bonnier	20800
Finland	2013	Brepols	7460
Finland	2013	Brill	1560
Finland	2013	Britannica	1550
Finland	2013	BTJ Kirjastopalvelu	83795
Finland	2013	Bureau van Dijk	55000
Finland	2013	Burgundy	7845
Finland	2013	Cambridge University Press	322
Finland	2013	Cengage Learning	14745
Finland	2013	Centre for Agriculture and Biosciences International (CABI)	2106
Finland	2013	Centre for Economic Policy Research (CEPR)	2868
Finland	2013	Chemical Abstracts Service (CAS)	139746
Finland	2013	Communication Institute for Online Scholarship (CIOS)	627
Finland	2013	CSC - Tieteen tietotekniikan keskus	10324
Finland	2013	Datamonitor	14212
Finland	2013	Delbanco	198
Finland	2013	Duodecim	347831
Finland	2013	East View	9778
Finland	2013	EBSCO/SAGE/WILSON	2094147
Finland	2013	Ecopoint Inc.	343
Finland	2013	Edita	150639
Finland	2013	Elib	5890
Finland	2013	Ellibs	8221
Finland	2013	Elsevier	7651548
Finland	2013	Emerald	203031
Finland	2013	eMusicQuest	369
Finland	2013	Encyclopedia Britannica	21228
Finland	2013	Esmerk/M-brain	6348
Finland	2013	ETLA	2373
Finland	2013	Euromonitor International	26000
Finland	2013	European Directorate for the Quality of Medicines (EDQM)	336
Finland	2013	Expert Information Ltd. /ProQuest	834
Finland	2013	FAR Akademi	6646
Finland	2013	FinELib	39763
Finland	2013	FinPro	2771
Finland	2013	Gale	5162
Finland	2013	Gale Cengage Learning	3500
Finland	2013	Grove	1081
Finland	2013	Helsingin Sanomat	29989
Finland	2013	Helsingin seudun kauppakamari	5557
Finland	2013	HighWire	20029
Finland	2013	IEEE	395531
Finland	2013	IFSR	6916
Finland	2013	IMF	1638
Finland	2013	Informa	43663
Finland	2013	Ingram	500
Finland	2013	Innventia	3300
Finland	2013	Institute of Physics (IOP)	15975
Finland	2013	Integrum	46346
Finland	2013	Intelex corporation	180
Finland	2013	IPA Source	508
Finland	2013	John Benjamins	500
Finland	2013	John Hopkins University Press	76612
Finland	2013	JSTOR	99959
Finland	2013	Kansalliskirjasto	58314
Finland	2013	Kauppalehti	60170
Finland	2013	Kielikone	165115
Finland	2013	Kirjavälitys	577
Finland	2013	Knovel	25743
Finland	2013	Know China Technology	4671
Finland	2013	Kompass	1600
Finland	2013	Lehtimarket	2889
Finland	2013	LexisNexis	14533
Finland	2013	Liber	880
Finland	2013	Lippincott Williams & Wilkins (LWW)	104299
Finland	2013	LM Tietopalvelut	249701
Finland	2013	Lovdata	650
Finland	2013	MacLaser	1125
Finland	2013	Maney Publishing	7782
Finland	2013	Marilyn Conibear	236
Finland	2013	Marketing Science Institute	263
Finland	2013	Mary Ann Liebert Inc	10283
Finland	2013	Masterworkshop Ltd	29840
Finland	2013	Materials Research Society (MRS)	1304
Finland	2013	McGraw-Hill	8625
Finland	2013	Metsäntutkimuslaitos (Metla)	1705
Finland	2013	Metsätalouden kehittämiskeskus Tapio	2087
Finland	2013	Mid Sweden University	971
Finland	2013	National Bureau of Economic Research (NBER)	2664
Finland	2013	Nationalencyklopedin	16689
Finland	2013	Nature Publishing Group	636954
Finland	2013	Naxos Digital Services	4838
Finland	2013	NewspaperDirect 	1577
Finland	2013	Niedersächsische Staats- und Universitätsbibliothek Göttingen	650
Finland	2013	OECD	80066
Finland	2013	Online Computer Library Center (OCLC)	2327
Finland	2013	Optics Infobase Package - Optical Society of America	14237
Finland	2013	Oriprobe	2064
Finland	2013	Ornanet	1910
Finland	2013	OTDBASE	241
Finland	2013	Ovid	161027
Finland	2013	Oxford University Press (OUP)	85442
Finland	2013	Palgrave Macmillan	3689
Finland	2013	Pharmaceutical Press	2595
Finland	2013	PressReader	11372
Finland	2013	PrioInfo	9342
Finland	2013	Progressive Digital Media Ltd.	9447
Finland	2013	Project Muse	18832
Finland	2013	ProQuest	976279
Finland	2013	ProQuest /LM Tietopalvelut	5500
Finland	2013	PSK Standardisointiyhdistys	4857
Finland	2013	R.R. Bowker	3389
Finland	2013	Rakennustieto	40727
Finland	2013	Retriever	3200
Finland	2013	Richard Boorberg Verlag GmbH & Co KG	255
Finland	2013	Riksarkivet	4467
Finland	2013	RIPM Publications	4950
Finland	2013	Royal Society of Chemistry (RSC)	43910
Finland	2013	Sage	658298
Finland	2013	Sähköinfo Oy	2994
Finland	2013	Sanoma	122805
Finland	2013	Sanoma Pro Oy	7659
Finland	2013	Savon Media	1452
Finland	2013	SPARC Europe	600
Finland	2013	SPIE	18518
Finland	2013	Springer	1448040
Finland	2013	SSRN	1025
Finland	2013	Statistikcentralen	1253
Finland	2013	Suomalaisen Kirjallisuuden Seura (SKS)	8168
Finland	2013	Suomen asiakastieto Oy	1600
Finland	2013	Suomen Eura-ryhmä / Mikko Syvänne tmi	1500
Finland	2013	Suomen Standardisoimisliitto SFS	215830
Finland	2013	Swets	2134
Finland	2013	Talentum	187772
Finland	2013	Taylor & Francis	96196
Finland	2013	The Financial Times	8366
Finland	2013	The National Bureau of Economic Research	684
Finland	2013	The Optical Society (OSA)	13331
Finland	2013	Thieme	28572
Finland	2013	Thomson Reuters	726114
Finland	2013	Tilastokeskus	21642
Finland	2013	Tutkimus- ja Analysointikeskus TAK	3733
Finland	2013	UN Publ.	3466
Finland	2013	University of Chicago Press	932
Finland	2013	University of Helsinki	44947
Finland	2013	University of Oxford Oriental Studies Faculty	719
Finland	2013	Utrikespolitiska Institutet	886
Finland	2013	Verlag fur chemische industrie	750
Finland	2013	Viite & Hakuteos & kokotekstietokannat:  tilattu useilta kotimaiselta ja kansainväliseltä kustantajalta tai välittäjältä	100796
Finland	2013	VTT	6600
Finland	2013	Walter de Gruyter GMBH	1429
Finland	2013	Warc Ltd	4056
Finland	2013	Warkauden lehti	290
Finland	2013	Wiley / Blackwell	2432041
Finland	2013	William S. Hein & Co. Inc.	5623
Finland	2013	Wize Nordic	35613
Finland	2013	Wolters Kluwer	7028
Finland	2013	Wolters Kluwer Health	206565
Finland	2013	World Global Style Network (WGSN)	14596
Finland	2013	World Scientific Publishing	1200
Finland	2013	WSOY	3196
Finland	2013	Zentralverband Gartenbau e.V.	50
Finland	2014	Aalto-yliopisto	58080
Finland	2014	Adato Energia Oy	1600
Finland	2014	AIP/APS	57254
Finland	2014	Alexander Street Press	11200
Finland	2014	American Association for Cancer Research (AACR) /Ebsco	5708
Finland	2014	American Association for the Advancement of Science (AAAS)	91141
Finland	2014	American Chemical Society (ACS)	629188
Finland	2014	American Council of Learned Societies (ACLS)	2998
Finland	2014	American Dietetic Association (ADA)	1052
Finland	2014	American Mathematical Society (AMS)	51794
Finland	2014	American Medical Association (AMA)	13432
Finland	2014	American Society Microbiology (ASM)	3387
Finland	2014	American Society of Civil Engineers (ASCE)	15585
Finland	2014	American Society Of Mechanical Engineers (ASME)	5374
Finland	2014	Annual Reviews	25569
Finland	2014	Artstor	10334
Finland	2014	ASM International	1336
Finland	2014	Association for Computer Machinery (ACM)	74610
Finland	2014	Association for the Advancement of Computing in Education (AACE)	1440
Finland	2014	Backpages LTD	1144
Finland	2014	Beck	5900
Finland	2014	Benjamins	1770
Finland	2014	Biering & Brinkmann Verlag	224
Finland	2014	BioOne	4252
Finland	2014	Bloomsbury Publishing	4471
Finland	2014	BMJ Group	26103
Finland	2014	Bonnier	35216
Finland	2014	Brepols	7565
Finland	2014	Brill	2530
Finland	2014	Britannica	1339
Finland	2014	BTJ Kirjastopalvelu	77610
Finland	2014	Bureau van Dijk	66700
Finland	2014	Burgundy	7926
Finland	2014	Cambridge University Press	2187
Finland	2014	Cengage Learning	15735
Finland	2014	Centre for Agriculture and Biosciences International (CABI)	2263
Finland	2014	Centre for Economic Policy Research (CEPR)	2889
Finland	2014	Chemical Abstracts Service (CAS)	143322
Finland	2014	Communication Institute for Online Scholarship (CIOS)	630
Finland	2014	CSC - Tieteen tietotekniikan keskus	10736
Finland	2014	Datamonitor	14271
Finland	2014	Delbanco	198
Finland	2014	Duodecim	460070
Finland	2014	East View	1179
Finland	2014	EBSCO/SAGE/WILSON	2002247
Finland	2014	Ecopoint Inc.	285
Finland	2014	Edita	156471
Finland	2014	Elib	7875
Finland	2014	Ellibs	10302
Finland	2014	Elsevier	8099248
Finland	2014	Emerald	210373
Finland	2014	eMusicQuest	185
Finland	2014	Encyclopedia Britannica	22682
Finland	2014	Esmerk/M-brain	6348
Finland	2014	ETLA	1973
Finland	2014	Euromonitor International	33450
Finland	2014	European Directorate for the Quality of Medicines (EDQM)	405
Finland	2014	FAR Akademi	6317
Finland	2014	Financial Times Limited	4340
Finland	2014	FinELib	38109
Finland	2014	FinPro	3183
Finland	2014	FIZ Karlsruhe	470
Finland	2014	Gale	6817
Finland	2014	Gale Cengage Learning	3690
Finland	2014	Grove	1145
Finland	2014	Helsingin Sanomat	31531
Finland	2014	Helsingin seudun kauppakamari	5702
Finland	2014	HighWire	20944
Finland	2014	IEEE	394745
Finland	2014	IFSR	7097
Finland	2014	IMF	1365
Finland	2014	Informa	42490
Finland	2014	Ingram	500
Finland	2014	Innventia	3300
Finland	2014	Institute of Physics (IOP)	16260
Finland	2014	Integrum	43529
Finland	2014	Intelex corporation	180
Finland	2014	International Bureau of Fiscal Documentation (IBFD)	555
Finland	2014	IPA Source	508
Finland	2014	John Benjamins	840
Finland	2014	John Hopkins University Press	80002
Finland	2014	JSTOR	94839
Finland	2014	Kansalliskirjasto	62405
Finland	2014	Kauppalehti	69990
Finland	2014	Kielikone	188758
Finland	2014	Kirjavälitys	617
Finland	2014	Knovel	24893
Finland	2014	Know China Technology	2595
Finland	2014	Kompass	1600
Finland	2014	LexisNexis	15281
Finland	2014	Liber	825
Finland	2014	Lippincott Williams & Wilkins (LWW)	109278
Finland	2014	LM Tietopalvelut	284351
Finland	2014	Lovdata	603
Finland	2014	MacLaser	1125
Finland	2014	Maney Publishing	1180
Finland	2014	Marilyn Conibear	260
Finland	2014	Marketing Science Institute	264
Finland	2014	Mary Ann Liebert Inc	10758
Finland	2014	Masterworkshop Ltd	29840
Finland	2014	Material ConneXion	3029
Finland	2014	Materials Research Society (MRS)	1360
Finland	2014	McGraw-Hill	18148
Finland	2014	Metsäntutkimuslaitos (Metla)	594
Finland	2014	Metsätalouden kehittämiskeskus Tapio	2980
Finland	2014	Mid Sweden University	810
Finland	2014	MIPP International	1774
Finland	2014	National Bureau of Economic Research (NBER)	2810
Finland	2014	Nationalencyklopedin	20732
Finland	2014	Nature Publishing Group	668614
Finland	2014	Naxos Digital Services	4838
Finland	2014	NewspaperDirect 	1577
Finland	2014	Niedersächsische Staats- und Universitätsbibliothek Göttingen	650
Finland	2014	OECD	81786
Finland	2014	Online Computer Library Center (OCLC)	2300
Finland	2014	Optics Infobase Package - Optical Society of America	13875
Finland	2014	OTDBASE	231
Finland	2014	Ovid	168059
Finland	2014	Oxford University Press (OUP)	107678
Finland	2014	Palgrave Macmillan	4563
Finland	2014	Paperi ja Puu Oy	3150
Finland	2014	Pharmaceutical Press	2725
Finland	2014	PhilPapers Foundation	1058
Finland	2014	PressReader	17314
Finland	2014	Progressive Digital Media Ltd.	7095
Finland	2014	Project Muse	19376
Finland	2014	ProQuest	1008955
Finland	2014	ProQuest /LM Tietopalvelut	5500
Finland	2014	PSK Standardisointiyhdistys	4954
Finland	2014	Rakennustieto	48926
Finland	2014	Retriever	3200
Finland	2014	Richard Boorberg Verlag GmbH & Co KG	255
Finland	2014	Riksarkivet	5643
Finland	2014	RIPM Publications	6723
Finland	2014	Royal Society of Chemistry (RSC)	50231
Finland	2014	Sage	708524
Finland	2014	Sähköinfo Oy	5296
Finland	2014	Sanoma	114365
Finland	2014	Sanoma Pro Oy	13102
Finland	2014	Savon Media	1461
Finland	2014	SCOAP3	18427
Finland	2014	SPARC Europe	600
Finland	2014	SPIE	20755
Finland	2014	SportBusiness Groups	2387
Finland	2014	Springer	1477461
Finland	2014	SSRN	1009
Finland	2014	Statistikcentralen	1253
Finland	2014	Suomalaisen Kirjallisuuden Seura (SKS)	10003
Finland	2014	Suomen asiakastieto Oy	1600
Finland	2014	Suomen Eura-ryhmä / Mikko Syvänne tmi	1500
Finland	2014	Suomen Standardisoimisliitto SFS	232315
Finland	2014	Swets	2150
Finland	2014	Talentum	246815
Finland	2014	Taylor & Francis	1134591
Finland	2014	The Financial Times	9393
Finland	2014	The National Bureau of Economic Research	710
Finland	2014	The Optical Society (OSA)	13153
Finland	2014	Thieme	34067
Finland	2014	Thomson Reuters	774063
Finland	2014	Tilastokeskus	20025
Finland	2014	Tutkimus- ja Analysointikeskus TAK	6288
Finland	2014	UN Publ.	3423
Finland	2014	University of Chicago Press	904
Finland	2014	University of Helsinki	49071
Finland	2014	University of Oxford Oriental Studies Faculty	770
Finland	2014	Verlag fur chemische industrie	750
Finland	2014	Viite & Hakuteos & kokotekstietokannat:  tilattu useilta kotimaiselta ja kansainväliseltä kustantajalta tai välittäjältä	88003
Finland	2014	Vittorio Klostermann	505
Finland	2014	VTT	3300
Finland	2014	Walter de Gruyter GMBH	1201
Finland	2014	Warc Ltd	3972
Finland	2014	Wiley / Blackwell	2573991
Finland	2014	William S. Hein & Co. Inc.	4635
Finland	2014	Wize Nordic	39262
Finland	2014	Wolters Kluwer	12148
Finland	2014	Wolters Kluwer Health	237139
Finland	2014	World Global Style Network (WGSN)	20673
Finland	2014	World Scientific Publishing	1237
Finland	2014	WSOY	3356
Finland	2014	Zentralverband Gartenbau e.V.	50
Finland	2015	Aalto-yliopisto	58336
Finland	2015	Adato Energia Oy	1600
Finland	2015	AIP/APS	67938
Finland	2015	Alexander Street Press	13116
Finland	2015	Alma Media	706
Finland	2015	American Association for Cancer Research (AACR) /Ebsco	6434
Finland	2015	American Association for the Advancement of Science (AAAS)	83743
Finland	2015	American Chemical Society (ACS)	780507
Finland	2015	American Council of Learned Societies (ACLS)	3811
Finland	2015	American Dietetic Association (ADA)	1094
Finland	2015	American Geosciences Institute (AGI)	103
Finland	2015	American Mathematical Society (AMS)	63327
Finland	2015	American Medical Association (AMA)	15951
Finland	2015	American Society Microbiology (ASM)	3880
Finland	2015	American Society of Civil Engineers (ASCE)	12604
Finland	2015	American Society Of Mechanical Engineers (ASME)	5434
Finland	2015	Annual Reviews	31311
Finland	2015	Artstor	13168
Finland	2015	ASM International	1457
Finland	2015	Association for Computer Machinery (ACM)	82753
Finland	2015	Association for the Advancement of Computing in Education (AACE)	1592
Finland	2015	Association of Asian Studies (AAS)	1340
Finland	2015	BabelScores	1100
Finland	2015	Backpages LTD	1300
Finland	2015	Beck	5900
Finland	2015	Benjamins	1770
Finland	2015	Biering & Brinkmann Verlag	247
Finland	2015	BioOne	2539
Finland	2015	Bloomsbury Publishing	7311
Finland	2015	BMJ Group	29684
Finland	2015	Bonnier	45125
Finland	2015	Brepols	7405
Finland	2015	Brill	3332
Finland	2015	Britannica	597
Finland	2015	BTJ Kirjastopalvelu	81640
Finland	2015	Bureau van Dijk	58500
Finland	2015	Burgundy	11181
Finland	2015	Cambridge University Press	5069
Finland	2015	Canadian Science Publishing	1175
Finland	2015	Cengage Learning	16489
Finland	2015	Centre for Agriculture and Biosciences International (CABI)	2696
Finland	2015	Centre for Economic Policy Research (CEPR)	2915
Finland	2015	Chemical Abstracts Service (CAS)	175797
Finland	2015	Communication Institute for Online Scholarship (CIOS)	785
Finland	2015	Consortium Erudit	225
Finland	2015	Crnet	1965
Finland	2015	CSC - Tieteen tietotekniikan keskus	9484
Finland	2015	CSH Press	3327
Finland	2015	CSIRO Publishing	469
Finland	2015	Datamonitor	15699
Finland	2015	Dawsonera	10460
Finland	2015	Delbanco	373
Finland	2015	Duodecim	514973
Finland	2015	East View	1518
Finland	2015	EBSCO/SAGE/WILSON	1701522
Finland	2015	Ecopoint Inc.	350
Finland	2015	Edita	152644
Finland	2015	Elib	8130
Finland	2015	Ellibs	16250
Finland	2015	Elsevier	8578864
Finland	2015	Emerald	226342
Finland	2015	eMusicQuest	185
Finland	2015	Encyclopedia Britannica	26810
Finland	2015	Esmerk/M-brain	6374
Finland	2015	ETLA	1973
Finland	2015	Euromonitor International	33810
Finland	2015	European Directorate for the Quality of Medicines (EDQM)	450
Finland	2015	FAR Akademi	5996
Finland	2015	Financial Times Limited	5450
Finland	2015	FinELib	57712
Finland	2015	FinPro	3180
Finland	2015	FIZ Karlsruhe	480
Finland	2015	Gale	7974
Finland	2015	Gale Cengage Learning	2662
Finland	2015	Geological Society of America (GSA) /Ebsco	1844
Finland	2015	Geological Society of London /Ebsco	5972
Finland	2015	Grove	1287
Finland	2015	Harvard University Press	320
Finland	2015	Helsingin Sanomat	31914
Finland	2015	Helsingin seudun kauppakamari	14715
Finland	2015	Henry Stuarts Talks	3550
Finland	2015	HighWire	25424
Finland	2015	IEEE	524729
Finland	2015	IFSR	10876
Finland	2015	Informa	49490
Finland	2015	Ingram	500
Finland	2015	Innventia	3500
Finland	2015	Institute of Physics (IOP)	16439
Finland	2015	Integrum	46845
Finland	2015	Intelex corporation	180
Finland	2015	International Bureau of Fiscal Documentation (IBFD)	585
Finland	2015	IPA Source	554
Finland	2015	John Benjamins	1010
Finland	2015	John Hopkins University Press	83553
Finland	2015	JSTOR	131232
Finland	2015	Kansalliskirjasto	62062
Finland	2015	Kauppalehti	71231
Finland	2015	Kielikone	173574
Finland	2015	Kirjavälitys	617
Finland	2015	Knovel	30701
Finland	2015	Know China Technology	2725
Finland	2015	Kompass	1600
Finland	2015	LexisNexis	23313
Finland	2015	Liber	816
Finland	2015	Lippincott Williams & Wilkins (LWW)	118889
Finland	2015	Literary Dictionary Company Limited 	922
Finland	2015	LM Tietopalvelut	1226079
Finland	2015	Lovdata	606
Finland	2015	MacLaser	1125
Finland	2015	Maney Publishing	1370
Finland	2015	Marilyn Conibear	299
Finland	2015	Mary Ann Liebert Inc	13390
Finland	2015	Masterworkshop Ltd	31393
Finland	2015	Material ConneXion	3751
Finland	2015	Materials Research Society (MRS)	1486
Finland	2015	McGraw-Hill	13268
Finland	2015	Metsäntutkimuslaitos (Metla)	594
Finland	2015	Metsätalouden kehittämiskeskus Tapio	2990
Finland	2015	Mid Sweden University	810
Finland	2015	Mineralogical Society	659
Finland	2015	MIPP International	1376
Finland	2015	MUSEEC	2500
Finland	2015	National Bureau of Economic Research (NBER)	3098
Finland	2015	Nationalencyklopedin	18616
Finland	2015	Nature Publishing Group	618244
Finland	2015	Naxos Digital Services	4763
Finland	2015	NewspaperDirect 	1640
Finland	2015	Niedersächsische Staats- und Universitätsbibliothek Göttingen	650
Finland	2015	OECD	72960
Finland	2015	Optics Infobase Package - Optical Society of America	15735
Finland	2015	Oriprobe	2167
Finland	2015	Ornanet	1262
Finland	2015	OTDBASE	285
Finland	2015	Ovid	176459
Finland	2015	Oxford University Press (OUP)	120220
Finland	2015	Palgrave Macmillan	5645
Finland	2015	Paperi ja Puu Oy	3150
Finland	2015	Pedanet	400
Finland	2015	Pharmaceutical Press	5795
Finland	2015	PhilPapers Foundation	1058
Finland	2015	PressReader	18006
Finland	2015	Progressive Digital Media Ltd.	9681
Finland	2015	Project Muse	23245
Finland	2015	ProQuest	1244128
Finland	2015	ProQuest /LM Tietopalvelut	5500
Finland	2015	PSK Standardisointiyhdistys	4954
Finland	2015	Rakennustieto	56499
Finland	2015	RedFox Languages	2271
Finland	2015	Retriever	4532
Finland	2015	Richard Boorberg Verlag GmbH & Co KG	373
Finland	2015	Riksarkivet	5552
Finland	2015	Royal Society of Chemistry (RSC)	66063
Finland	2015	Sage	858218
Finland	2015	Sähköinfo Oy	8540
Finland	2015	Sanoma	3400
Finland	2015	Sanoma Pro Oy	14036
Finland	2015	Savon Media	1529
Finland	2015	SCOAP3	18427
Finland	2015	SEPM Society for Sedimentary Geology	596
Finland	2015	SkillSoft	4939
Finland	2015	Society of Exploration Geophysicists (SEG)	1376
Finland	2015	SPARC Europe	600
Finland	2015	SPIE	19103
Finland	2015	SPR Veripalvelu	564
Finland	2015	Springer	1503603
Finland	2015	SSRN	1044
Finland	2015	Statistikcentralen	1253
Finland	2015	Suomalaisen Kirjallisuuden Seura (SKS)	10108
Finland	2015	Suomen asiakastieto Oy	1600
Finland	2015	Suomen Standardisoimisliitto SFS	241703
Finland	2015	Talentum	461800
Finland	2015	Taylor & Francis	1300143
Finland	2015	The Financial Times	12893
Finland	2015	The National Bureau of Economic Research	935
Finland	2015	The Optical Society (OSA)	14460
Finland	2015	Thieme	33390
Finland	2015	Thompson Henry	1836
Finland	2015	Thomson Reuters	938308
Finland	2015	Tilastokeskus	14105
Finland	2015	Tutkimus- ja Analysointikeskus TAK	2400
Finland	2015	UN Publ.	3381
Finland	2015	University of Chicago Press	1055
Finland	2015	University of Colorado	252
Finland	2015	University of Helsinki	51114
Finland	2015	University of Oxford Oriental Studies Faculty	779
Finland	2015	Verlag fur chemische industrie	750
Finland	2015	Viite & Hakuteos & kokotekstietokannat:  tilattu useilta kotimaiselta ja kansainväliseltä kustantajalta tai välittäjältä	152896
Finland	2015	Vittorio Klostermann	777
Finland	2015	Walter de Gruyter GMBH	1152
Finland	2015	Warc Ltd	4020
Finland	2015	Wiley / Blackwell	2649207
Finland	2015	William S. Hein & Co. Inc.	9208
Finland	2015	Wize Nordic	40872
Finland	2015	Wolters Kluwer	12674
Finland	2015	Wolters Kluwer Health	250096
Finland	2015	World Global Style Network (WGSN)	27252
Finland	2015	World Scientific Publishing	1240
Finland	2015	WSOY	3523
Finland	2016	Aalto-yliopisto	56314
Finland	2016	Adato Energia Oy	2350
Finland	2016	AIAA	2162
Finland	2016	AIP/APS	92292
Finland	2016	Alexander Street Press	13786
Finland	2016	Alma Media	771883
Finland	2016	American Association for Cancer Research (AACR) /Ebsco	7533
Finland	2016	American Association for the Advancement of Science (AAAS)	160152
Finland	2016	American Chemical Society (ACS)	1080215
Finland	2016	American Council of Learned Societies (ACLS)	3975
Finland	2016	American Dietetic Association (ADA)	1097
Finland	2016	American Economic Association	939
Finland	2016	AMERICAN JOURNAL OF PUBLIC HEALTH	1051
Finland	2016	American Mathematical Society (AMS)	79021
Finland	2016	American Medical Association (AMA)	23359
Finland	2016	AMERICAN PHYSIOLOGICAL SOCIETY	1794
Finland	2016	AMERICAN PSYCHIATRIC ASSOCIATION PUBLISHING	980
Finland	2016	American Society for Nutrition	843
Finland	2016	American Society of Agronomy	7210
Finland	2016	American Society of Animal Science	723
Finland	2016	American Society of Civil Engineers (ASCE)	15334
Finland	2016	American Society of Mechanic Engineers (ASME)	6677
Finland	2016	American Society of Microbiology	4810
Finland	2016	American Statistical Association	289
Finland	2016	AMERICAN THORACIC SOCIETY	2409
Finland	2016	Annual Reviews	34334
Finland	2016	Artstor	15385
Finland	2016	Asiantuntijaosuuskunta Ornanet	1770
Finland	2016	ASM International	1614
Finland	2016	Association for Computer Machinery (ACM)	99784
Finland	2016	Axiell Media	1731
Finland	2016	BabelScores	1100
Finland	2016	Backpages LTD	1393
Finland	2016	Beck	5900
Finland	2016	Benjamins	1770
Finland	2016	Biering & Brinkmann Verlag	325
Finland	2016	BioMedCentral	5020
Finland	2016	Bloomsbury Publishing	349
Finland	2016	BMJ Group	40308
Finland	2016	Bonnier	51490
Finland	2016	Bonnier Business Forum Oy	4940
Finland	2016	Booky.fi Oy	800
Finland	2016	Brepols	8915
Finland	2016	Brill	3910
Finland	2016	Britannica	510
Finland	2016	Brockhaus NE GmbH	1445
Finland	2016	BTJ Kirjastopalvelu	83509
Finland	2016	Bureau van Dijk	53500
Finland	2016	Burgundy	12459
Finland	2016	Cambridge University Press	23384
Finland	2016	Canadian Science Publishing	4174
Finland	2016	Carl Hanser Verlag	609
Finland	2016	Cengage	39316
Finland	2016	Cengage Learning	364132
Finland	2016	Centre for Economic Policy Research (CEPR)	2219
Finland	2016	Centre for Policy Research	1347
Finland	2016	Clarivate Analytics	10290
Finland	2016	Cleo OpenEdition	172
Finland	2016	Communication Institute for Online Scholarship (CIOS)	809
Finland	2016	Crnet	3900
Finland	2016	CSC - Tieteen tietotekniikan keskus	9864
Finland	2016	Datamonitor	7449
Finland	2016	Dawson Books	7976
Finland	2016	De Gruyter	11463
Finland	2016	Dictionnaires Le Robert	1806
Finland	2016	DigiZeitschriften	650
Finland	2016	Docutech Ltd	1620
Finland	2016	Duodecim	628722
Finland	2016	East View	10418
Finland	2016	EBSCO/SAGE/WILSON	1723328
Finland	2016	Economic and Financial Publishing Limited / LM Tietopalvelut Oy	315
Finland	2016	Ecopoint Inc.	498
Finland	2016	Edilex	1804
Finland	2016	Edita	165328
Finland	2016	EDQM	464
Finland	2016	Edward Elgar	10453
Finland	2016	eFunda; Inc	2730
Finland	2016	Elib	8172
Finland	2016	Ellibs	34614
Finland	2016	Elsevier	10464373
Finland	2016	Emerald	242322
Finland	2016	Encyclopedia Britannica	38165
Finland	2016	Energiateollisuus ry+Adato Energia Oy	2000
Finland	2016	ERS EUROPEAN RESPIRATORY SOCIETY	1246
Finland	2016	Esmerk/M-brain	1704
Finland	2016	ETLA	1843
Finland	2016	Euromonitor International	31353
Finland	2016	European Audivisual Observatory	345
Finland	2016	European Economic Association	75
Finland	2016	EUROPEAN MATHEMATICAL SOCIETY; FIZ KARLSRUHE	485
Finland	2016	European Society of Intensive Care Medicine (ESICM)	800
Finland	2016	Export Finland	380
Finland	2016	FAR Akademi	6010
Finland	2016	FinPro	3595
Finland	2016	FINVA Finanssikoulutus Oy	294
Finland	2016	FIZ Karlsruhe	485
Finland	2016	Fonecta	3431
Finland	2016	Frost&Sullivan	20000
Finland	2016	Georg Thieme Verlag KG / Thieme Publishing Group	8220
Finland	2016	Geschaeftsstelle DigiZeitschriften e.V. c/o Niedersaechsische Staats- und Universitaetsbibliothek Goettingen (SUB)	650
Finland	2016	Helsingin Sanomat	1704
Finland	2016	Helsingin seudun kauppakamari	27925
Finland	2016	Henry Stuarts Talks	3550
Finland	2016	HighWire	29804
Finland	2016	HS / M-Brain	3720
Finland	2016	IBFD International Bureau for Fiscal Documentation	1431
Finland	2016	IEEE	902147
Finland	2016	IIPF	54
Finland	2016	INDERSCIENCE ENTERPRISES LTD	749
Finland	2016	Informa	15650
Finland	2016	INFORMS	551
Finland	2016	Ingram/Coutts	500
Finland	2016	Innventia	6862
Finland	2016	Institute of Physics (IOP)	108237
Finland	2016	Integrum	61997
Finland	2016	Intelex corporation	637
Finland	2016	International Information Services	1231
Finland	2016	IOS Press	3302
Finland	2016	IPA Source	926
Finland	2016	ISSN-portal	324
Finland	2016	John Benjamins	1615
Finland	2016	John Hopkins University Press	93669
Finland	2016	JOURNAL OF IMMUNOLOGY	2031
Finland	2016	Journal of Visualized Experiments (JoVE)	38013
Finland	2016	JSTOR	142512
Finland	2016	Kandidaattikustannus	5500
Finland	2016	Kansalliskirjasto	71958
Finland	2016	Karnov Group Sweden AB	12418
Finland	2016	Keskisuomalainen Oyj.	2580
Finland	2016	Kielikone	241115
Finland	2016	Kirjanvälitys	650
Finland	2016	Knowledge Unlatsced	6650
Finland	2016	Kompass	1650
Finland	2016	Konsulttitoimisto Cadlink Oy	2361
Finland	2016	Langenscheidt GmbH & Co. KG	759
Finland	2016	Lehtimarket	6500
Finland	2016	LexisNexis	24478
Finland	2016	Liber	785
Finland	2016	LM Tietopalvelut	2474981
Finland	2016	M-Brain Insight	30440
Finland	2016	MacLaser/Docutech.fi	1400
Finland	2016	Maney Publishing	1354
Finland	2016	Marilyn Conibear	293
Finland	2016	Marston Book Services Ltd	3360
Finland	2016	Mary Ann Liebert Inc	50098
Finland	2016	Masterworkshop Ltd	14440
Finland	2016	McGraw-Hill	15935
Finland	2016	MCX	3772
Finland	2016	Metsätalouden kehittämiskeskus Tapio	1600
Finland	2016	MIPP International	1268
Finland	2016	MIT PRESS JOURNALS	1805
Finland	2016	MOT	2288
Finland	2016	MUSEEC	2500
Finland	2016	National Academy of Sciences	5992
Finland	2016	National Bureau of Economic Research (NBER)	4221
Finland	2016	Nationalencyklopedin	27988
Finland	2016	Nature Publishing Group	674345
Finland	2016	Naxos Digital Services	8085
Finland	2016	NBER	2851
Finland	2016	Niedersächsische Staats- und Universitätsbibliothek Göttingen	650
Finland	2016	OCEANSIDE PUBLICATIONS INC.	997
Finland	2016	OCLC	1100
Finland	2016	OECD	125911
Finland	2016	Open Book Publishers	400
Finland	2016	Optical Society of America	18105
Finland	2016	Ornanet-koulutus	1305
Finland	2016	OTDBASE	296
Finland	2016	Ovid	842534
Finland	2016	Oxford University Press (OUP)	264797
Finland	2016	Oy Fg-Naxos Ab	900
Finland	2016	Palgrave Macmillan	10993
Finland	2016	Paperi ja Puu Oy	3150
Finland	2016	PHOENIX BIOINFORMATICS CORPORATION	272
Finland	2016	PLUTO PRESS	410
Finland	2016	PressReader	49791
Finland	2016	Prio Infocenter AB	6042
Finland	2016	PrioInfo	5800
Finland	2016	Project Muse	25946
Finland	2016	ProQuest	1173552
Finland	2016	Prosessiteollisuuden standardoimiskeskus	403
Finland	2016	Prowledge Oy	5000
Finland	2016	PSK Standardisointiyhdistys	6000
Finland	2016	Rakennustieto	91046
Finland	2016	RedFox Languages	11375
Finland	2016	Retriever	6798
Finland	2016	Richard Boorberg Verlag/Delbanco	373
Finland	2016	Riksarkivet	5581
Finland	2016	Royal Economic Society	56
Finland	2016	Royal Society of Chemistry (RSC)	114263
Finland	2016	Sage	929991
Finland	2016	Sähköinfo Oy	15609
Finland	2016	Sanoma	876
Finland	2016	Scandinavian university press	3177
Finland	2016	SCIENCE AND MEDICINE INC.	194
Finland	2016	SCOAP3	25804
Finland	2016	Serials Solution	2510
Finland	2016	SFS	7267
Finland	2016	SkillSoft	6704
Finland	2016	SNL Financial	5000
Finland	2016	Social Science Electronic Publishing	1359
Finland	2016	Society of American Foresters	1130
Finland	2016	Society of Exploration Geophysicists (SEG)	2430
Finland	2016	SPIE	24293
Finland	2016	Springer	2205766
Finland	2016	Springshare	1768
Finland	2016	ST-Akatemia Oy	11312
Finland	2016	Statistikcentralen	1253
Finland	2016	Stellatum Oy	425
Finland	2016	Stiftelsen lovdata	669
Finland	2016	Stratfor Global Intelligence	9200
Finland	2016	Suomalaisen Kirjallisuuden Seura (SKS)	16635
Finland	2016	Suomen asiakastieto Oy	3200
Finland	2016	Suomen Standardisoimisliitto SFS	312733
Finland	2016	Suomen Tilintarkastajat ry	338
Finland	2016	TAK Oy	2400
Finland	2016	Tapio	1490
Finland	2016	Tax Analysts / LM Tietopalvelut Oy	2349
Finland	2016	Taylor & Francis	1963202
Finland	2016	The Financial Times	31063
Finland	2016	The Royal Pharmaceutical Society of Great Britain	12000
Finland	2016	Thieme	27166
Finland	2016	Thompson Henry	2620
Finland	2016	Thomson Reuters	1109179
Finland	2016	Tilastokeskus	14102
Finland	2016	UDC Consortium	300
Finland	2016	United Nations Publications	4145
Finland	2016	University of Chicago Press	2848
Finland	2016	University of Helsinki	58364
Finland	2016	University of Oxford Oriental Studies Faculty	815
Finland	2016	University of Wisconsin Press	464
Finland	2016	Veterinary Science Database	6430
Finland	2016	Viite & Hakuteos & kokotekstietokannat:  tilattu useilta kotimaiselta ja kansainväliseltä kustantajalta tai välittäjältä	131111
Finland	2016	Vittorio Klostermann	796
Finland	2016	W.S. Hein	1792
Finland	2016	Walter de Gruyter GMBH	12814
Finland	2016	Warc Ltd	4240
Finland	2016	Wiley / Blackwell	3332168
Finland	2016	William S. Hein & Co. Inc.	12752
Finland	2016	Wize Nordic	36080
Finland	2016	Wolters Kluwer Health	49129
Finland	2016	World Global Style Network (WGSN)	34125
Finland	2016	World Scientific Publishing	1407
Finland	2016	Zentralverband Gartenbau e.V.	50
France	2009	AIP/APS	23242
France	2009	American Chemical Society (ACS)	48695
France	2009	American Mathematical Society (AMS)	0
France	2009	American Medical Association (AMA)	5401
France	2009	Brepolis Medieval bibliographies	1503
France	2009	British Medical Journal	4953
France	2009	Cairn	0
France	2009	CEDROM-SNI	0
France	2009	CNRS	8305.6
France	2009	Cyberlibris	0
France	2009	Dalloz	4784
France	2009	EBSCO/SAGE/WILSON	15979
France	2009	Editions Francis Lefebvre	9756
France	2009	EDP Sciences	0
France	2009	Elsevier	320857
France	2009	Emerald	0
France	2009	Encyclopaedia Universalis	11542
France	2009	ENI 	0
France	2009	Garnier	313.95
France	2009	Immatériel	0
France	2009	Institute of Physics (IOP)	25000
France	2009	John Libbey Eurotext	0
France	2009	JSTOR	14393
France	2009	Klapp	0
France	2009	Kompass	7104
France	2009	L'Harmattan	0
France	2009	Lextenso	3381
France	2009	Maitron	0
France	2009	Mathematical Science Publisher	9828
France	2009	New England Journal of Medicine	5059
France	2009	Numérique Premium	0
France	2009	Numilog	1000
France	2009	Open Edition Freemium	0
France	2009	Royal Society of Chemistry (RSC)	2665
France	2009	Société Internationale de Bibliographie Classique	717
France	2009	Sportdiscus	0
France	2009	Springer	57000
France	2009	Techniques de l'ingénieur	31000
France	2009	Thomson Reuters	8564
France	2009	TOTAL	790343.55
France	2009	University of California	0
France	2009	Wiley / Blackwell	116606
France	2009	Wolters Kluwer	40695
France	2010	AIP/APS	1866.81
France	2010	American Chemical Society (ACS)	52775.21
France	2010	American Mathematical Society (AMS)	0
France	2010	American Medical Association (AMA)	4151.66
France	2010	Brepolis Medieval bibliographies	1503.6
France	2010	British Medical Journal	459.44
France	2010	Cairn	0
France	2010	CEDROM-SNI	0
France	2010	CNRS	7887.62
France	2010	Cyberlibris	6578
France	2010	Dalloz	5920.92
France	2010	EBSCO/SAGE/WILSON	25225.38
France	2010	Editions Francis Lefebvre	10783.44
France	2010	EDP Sciences	0
France	2010	Elsevier	369832.31
France	2010	Emerald	0
France	2010	Encyclopaedia Universalis	16256.4
France	2010	ENI 	0
France	2010	Garnier	313.95
France	2010	Immatériel	0
France	2010	Institute of Physics (IOP)	24491.21
France	2010	John Libbey Eurotext	0
France	2010	JSTOR	12298.85
France	2010	Klapp	0
France	2010	Kompass	7231.02
France	2010	L'Harmattan	0
France	2010	Lextenso	3528.12
France	2010	Maitron	0
France	2010	Mathematical Science Publisher	4349.48
France	2010	New England Journal of Medicine	5513
France	2010	Numérique Premium	0
France	2010	Numilog	1082.48
France	2010	Open Edition Freemium	0
France	2010	Royal Society of Chemistry (RSC)	0
France	2010	Société Internationale de Bibliographie Classique	741.52
France	2010	Sportdiscus	0
France	2010	Springer	63000
France	2010	Techniques de l'ingénieur	25132.98
France	2010	Thomson Reuters	8732.43
France	2010	TOTAL	819698.59
France	2010	University of California	0
France	2010	Wiley / Blackwell	117953.1
France	2010	Wolters Kluwer	42089.66
France	2011	AIP/APS	1866.81
France	2011	American Chemical Society (ACS)	54198.56
France	2011	American Mathematical Society (AMS)	0
France	2011	American Medical Association (AMA)	9846.87
France	2011	Brepolis Medieval bibliographies	1630.61
France	2011	British Medical Journal	12429.83
France	2011	Cairn	0
France	2011	CEDROM-SNI	0
France	2011	CNRS	7413.23
France	2011	Cyberlibris	7534.8
France	2011	Dalloz	5920.92
France	2011	EBSCO/SAGE/WILSON	27180.82
France	2011	Editions Francis Lefebvre	12498.2
France	2011	EDP Sciences	0
France	2011	Elsevier	381983.65
France	2011	Emerald	0
France	2011	Encyclopaedia Universalis	11734
France	2011	ENI 	0
France	2011	Garnier	313.95
France	2011	Immatériel	0
France	2011	Institute of Physics (IOP)	25932.57
France	2011	John Libbey Eurotext	0
France	2011	JSTOR	9847.06
France	2011	Klapp	0
France	2011	Kompass	7231.02
France	2011	L'Harmattan	0
France	2011	Lextenso	3222.81
France	2011	Maitron	0
France	2011	Mathematical Science Publisher	7201.55
France	2011	New England Journal of Medicine	5457
France	2011	Numérique Premium	0
France	2011	Numilog	1453.14
France	2011	Open Edition Freemium	3932.25
France	2011	Royal Society of Chemistry (RSC)	0
France	2011	Société Internationale de Bibliographie Classique	763.05
France	2011	Sportdiscus	0
France	2011	Springer	69471.12
France	2011	Techniques de l'ingénieur	29000
France	2011	Thomson Reuters	9607.71
France	2011	TOTAL	887927.2
France	2011	University of California	0
France	2011	Wiley / Blackwell	120282.17
France	2011	Wolters Kluwer	59973.5
France	2012	AIP/APS	4019.96
France	2012	American Chemical Society (ACS)	58109.01
France	2012	American Mathematical Society (AMS)	7707.92
France	2012	American Medical Association (AMA)	10815.56
France	2012	Brepolis Medieval bibliographies	1596
France	2012	British Medical Journal	12074.17
France	2012	Cairn	0
France	2012	CEDROM-SNI	0
France	2012	CNRS	4449.25
France	2012	Cyberlibris	5651.1
France	2012	Dalloz	9437.16
France	2012	EBSCO/SAGE/WILSON	30357.39
France	2012	Editions Francis Lefebvre	12748.16
France	2012	EDP Sciences	0
France	2012	Elsevier	407804.45
France	2012	Emerald	0
France	2012	Encyclopaedia Universalis	12070.39
France	2012	ENI 	0
France	2012	Garnier	313.95
France	2012	Immatériel	5617.5
France	2012	Institute of Physics (IOP)	13768.8
France	2012	John Libbey Eurotext	0
France	2012	JSTOR	13367.05
France	2012	Klapp	0
France	2012	Kompass	9209.2
France	2012	L'Harmattan	0
France	2012	Lextenso	2330.1
France	2012	Maitron	0
France	2012	Mathematical Science Publisher	1205.87
France	2012	New England Journal of Medicine	7192.15
France	2012	Numérique Premium	0
France	2012	Numilog	1937.52
France	2012	Open Edition Freemium	3932.25
France	2012	Royal Society of Chemistry (RSC)	0
France	2012	Société Internationale de Bibliographie Classique	763.05
France	2012	Sportdiscus	0
France	2012	Springer	59406.29
France	2012	Techniques de l'ingénieur	26655.5
France	2012	Thomson Reuters	9796.32
France	2012	TOTAL	905175.02
France	2012	University of California	0
France	2012	Wiley / Blackwell	132883.42
France	2012	Wolters Kluwer	39955.53
France	2013	AIP/APS	4190.34
France	2013	American Chemical Society (ACS)	60411.26
France	2013	American Mathematical Society (AMS)	7891.46
France	2013	American Medical Association (AMA)	11049
France	2013	Brepolis Medieval bibliographies	579.2
France	2013	British Medical Journal	9547.96
France	2013	Cairn	0
France	2013	CEDROM-SNI	0
France	2013	CNRS	4678.56
France	2013	Cyberlibris	6999
France	2013	Dalloz	16772.52
France	2013	EBSCO/SAGE/WILSON	32211.58
France	2013	Editions Francis Lefebvre	12877.33
France	2013	EDP Sciences	4168.71
France	2013	Elsevier	524847.17
France	2013	Emerald	0
France	2013	Encyclopaedia Universalis	12377.96
France	2013	ENI 	6115.15
France	2013	Garnier	313.95
France	2013	Immatériel	0
France	2013	Institute of Physics (IOP)	14650.98
France	2013	John Libbey Eurotext	2384.8
France	2013	JSTOR	12913.14
France	2013	Klapp	0
France	2013	Kompass	0
France	2013	L'Harmattan	5083
France	2013	Lextenso	2330.1
France	2013	Maitron	0
France	2013	Mathematical Science Publisher	989.45
France	2013	New England Journal of Medicine	6764
France	2013	Numérique Premium	624.91
France	2013	Numilog	1076.4
France	2013	Open Edition Freemium	3932.25
France	2013	Royal Society of Chemistry (RSC)	0
France	2013	Société Internationale de Bibliographie Classique	444.52
France	2013	Sportdiscus	5975.6
France	2013	Springer	61216.18
France	2013	Techniques de l'ingénieur	32694
France	2013	Thomson Reuters	9863.65
France	2013	TOTAL	1032435.58
France	2013	University of California	1140
France	2013	Wiley / Blackwell	111549.74
France	2013	Wolters Kluwer	43771.71
France	2014	AIP/APS	5432.25
France	2014	American Chemical Society (ACS)	58333.07
France	2014	American Mathematical Society (AMS)	8315.23
France	2014	American Medical Association (AMA)	11343.64
France	2014	Brepolis Medieval bibliographies	1214.4
France	2014	British Medical Journal	9643.44
France	2014	Cairn	27169.38
France	2014	CEDROM-SNI	28842.01
France	2014	CNRS	4809.83
France	2014	Cyberlibris	29612.21
France	2014	Dalloz	25874.17
France	2014	EBSCO/SAGE/WILSON	26913.75
France	2014	Editions Francis Lefebvre	15241.82
France	2014	EDP Sciences	5472.11
France	2014	Elsevier	522775.79
France	2014	Emerald	8558
France	2014	Encyclopaedia Universalis	0
France	2014	ENI 	0
France	2014	Garnier	315
France	2014	Immatériel	0
France	2014	Institute of Physics (IOP)	13029.8
France	2014	John Libbey Eurotext	2468.4
France	2014	JSTOR	12221.24
France	2014	Klapp	916
France	2014	Kompass	0
France	2014	L'Harmattan	0
France	2014	Lextenso	2549
France	2014	Maitron	600
France	2014	Mathematical Science Publisher	1020.25
France	2014	New England Journal of Medicine	6720.66
France	2014	Numérique Premium	627
France	2014	Numilog	0
France	2014	Open Edition Freemium	4410
France	2014	Royal Society of Chemistry (RSC)	0
France	2014	Société Internationale de Bibliographie Classique	811.2
France	2014	Sportdiscus	6021.08
France	2014	Springer	63143.36
France	2014	Techniques de l'ingénieur	33508
France	2014	Thomson Reuters	10881.43
France	2014	TOTAL	1127495.58
France	2014	University of California	1155
France	2014	Wiley / Blackwell	128382.18
France	2014	Wolters Kluwer	49164.88
France	2015	AIP/APS	6276.96
France	2015	American Chemical Society (ACS)	65984.83
France	2015	American Mathematical Society (AMS)	10515.53
France	2015	American Medical Association (AMA)	14695.17
France	2015	Brepolis Medieval bibliographies	1342.18
France	2015	British Medical Journal	12041
France	2015	Cairn	31884.27
France	2015	CEDROM-SNI	29405.04
France	2015	CNRS	420.32
France	2015	Cyberlibris	30391.49
France	2015	Dalloz	24754.36
France	2015	EBSCO/SAGE/WILSON	27890.49
France	2015	Editions Francis Lefebvre	14621.46
France	2015	EDP Sciences	5149.98
France	2015	Elsevier	547387.33
France	2015	Emerald	8263.26
France	2015	Encyclopaedia Universalis	0
France	2015	ENI 	5166
France	2015	Garnier	249.92
France	2015	Immatériel	0
France	2015	Institute of Physics (IOP)	15798.92
France	2015	John Libbey Eurotext	1730.97
France	2015	JSTOR	12133
France	2015	Klapp	900.21
France	2015	Kompass	0
France	2015	L'Harmattan	4800
France	2015	Lextenso	2627.43
France	2015	Maitron	2272
France	2015	Mathematical Science Publisher	1334.55
France	2015	New England Journal of Medicine	8706.31
France	2015	Numérique Premium	551.24
France	2015	Numilog	0
France	2015	Open Edition Freemium	4174.8
France	2015	Royal Society of Chemistry (RSC)	0
France	2015	Société Internationale de Bibliographie Classique	695
France	2015	Sportdiscus	7236.77
France	2015	Springer	71877.62
France	2015	Techniques de l'ingénieur	34340.61
France	2015	Thomson Reuters	10402.17
France	2015	University of California	1513
France	2015	Wiley / Blackwell	129191.81
France	2015	Wolters Kluwer	50473.63
Netherlands	2011	American Chemical Society (ACS)	593175
Netherlands	2011	Cambridge University Press	16881
Netherlands	2011	Elsevier	10739155
Netherlands	2011	John Hopkins University Press	13317
Netherlands	2011	JSTOR	56921
Netherlands	2011	Miscellaneous incl print	12579539
Netherlands	2011	Oxford University Press (OUP)	538314
Netherlands	2011	Project Muse	34442
Netherlands	2011	Sage	867430
Netherlands	2011	Springer	2674918
Netherlands	2011	Taylor & Francis	1971695
Netherlands	2011	Wiley / Blackwell	3488569
Netherlands	2011	Wolters Kluwer	1412602
Netherlands	2011	Wolters Kluwer Health	789317
Netherlands	2011	NA	0
Netherlands	2012	American Chemical Society (ACS)	629901
Netherlands	2012	Cambridge University Press	18322
Netherlands	2012	Elsevier	11695606
Netherlands	2012	John Hopkins University Press	13415
Netherlands	2012	JSTOR	53144
Netherlands	2012	Miscellaneous incl print	13350857
Netherlands	2012	Oxford University Press (OUP)	943701
Netherlands	2012	Project Muse	35809
Netherlands	2012	Sage	977476
Netherlands	2012	Springer	2753341
Netherlands	2012	Taylor & Francis	2065899
Netherlands	2012	Wiley / Blackwell	3851604
Netherlands	2012	Wolters Kluwer	1014795
Netherlands	2012	Wolters Kluwer Health	818502
Netherlands	2012	NA	0
Netherlands	2013	American Chemical Society (ACS)	723570
Netherlands	2013	Cambridge University Press	21017
Netherlands	2013	Elsevier	12459553
Netherlands	2013	John Hopkins University Press	15185
Netherlands	2013	JSTOR	55183
Netherlands	2013	Miscellaneous incl print	13926861
Netherlands	2013	Oxford University Press (OUP)	598046
Netherlands	2013	Project Muse	38184
Netherlands	2013	Sage	1043583
Netherlands	2013	Springer	2858720
Netherlands	2013	Taylor & Francis	2188143
Netherlands	2013	Wiley / Blackwell	4022364
Netherlands	2013	Wolters Kluwer	1000967
Netherlands	2013	Wolters Kluwer Health	859652
Netherlands	2013	NA	0
Netherlands	2014	American Chemical Society (ACS)	739974
Netherlands	2014	Cambridge University Press	21309
Netherlands	2014	Elsevier	12834525
Netherlands	2014	John Hopkins University Press	15234
Netherlands	2014	JSTOR	56430
Netherlands	2014	Miscellaneous incl print	14356346
Netherlands	2014	Oxford University Press (OUP)	578412
Netherlands	2014	Project Muse	39795
Netherlands	2014	Sage	1027409
Netherlands	2014	Springer	2939929
Netherlands	2014	Taylor & Francis	2169761
Netherlands	2014	Wiley / Blackwell	4119579
Netherlands	2014	Wolters Kluwer	1037136
Netherlands	2014	Wolters Kluwer Health	859240
Netherlands	2014	NA	0
Netherlands	2015	American Chemical Society (ACS)	813223
Netherlands	2015	Cambridge University Press	23275
Netherlands	2015	Elsevier	12473211
Netherlands	2015	John Hopkins University Press	18100
Netherlands	2015	JSTOR	46448
Netherlands	2015	Miscellaneous incl print	16042376
Netherlands	2015	Oxford University Press (OUP)	488959
Netherlands	2015	Project Muse	35343
Netherlands	2015	Sage	1275183
Netherlands	2015	Springer	3074931
Netherlands	2015	Taylor & Francis	2296664
Netherlands	2015	Wiley / Blackwell	3768651
Netherlands	2015	Wolters Kluwer	1057851
Netherlands	2015	Wolters Kluwer Health	859240
Netherlands	2015	NA	0
UK	2010	Cambridge University Press	1767436.02930253
UK	2010	Elsevier	41717260.9314761
UK	2010	Institute of Physics (IOP)	1332330.90986236
UK	2010	Nature Publishing Group	3659477.00402628
UK	2010	Oxford University Press (OUP)	2436562.91127541
UK	2010	Royal Society of Chemistry (RSC)	983979.712671846
UK	2010	Sage	5487083.56565996
UK	2010	Springer	8924031.92611958
UK	2010	Taylor & Francis	10154480.1443259
UK	2010	Wiley / Blackwell	16429863.3615934
UK	2011	Cambridge University Press	1784812.3076874
UK	2011	Elsevier	44896749.5998773
UK	2011	Institute of Physics (IOP)	1365962.73928823
UK	2011	Nature Publishing Group	4386074.90039615
UK	2011	Oxford University Press (OUP)	2640503.40518333
UK	2011	Royal Society of Chemistry (RSC)	1059197.86738288
UK	2011	Sage	6207108.24773026
UK	2011	Springer	8921649.6969649
UK	2011	Taylor & Francis	11157194.2861338
UK	2011	Wiley / Blackwell	17897082.2588852
UK	2012	Cambridge University Press	2062948.42809424
UK	2012	Elsevier	47701136.4313866
UK	2012	Institute of Physics (IOP)	1462255.25769813
UK	2012	Nature Publishing Group	4964227.93399979
UK	2012	Oxford University Press (OUP)	2923558.66126407
UK	2012	Royal Society of Chemistry (RSC)	1296590.68587744
UK	2012	Sage	6845616.18879062
UK	2012	Springer	9650463.08536828
UK	2012	Taylor & Francis	11852894.8540712
UK	2012	Wiley / Blackwell	19061630.4373826
UK	2013	Cambridge University Press	2236397.98783853
UK	2013	Elsevier	48186311.8904963
UK	2013	Institute of Physics (IOP)	1562020.44894644
UK	2013	Nature Publishing Group	5216726.03711145
UK	2013	Oxford University Press (OUP)	3258767.77527382
UK	2013	Royal Society of Chemistry (RSC)	1297458.92732443
UK	2013	Sage	7164802.30488035
UK	2013	Springer	9691889.87520881
UK	2013	Taylor & Francis	12309191.2362886
UK	2013	Wiley / Blackwell	19981500.0199145
UK	2014	Cambridge University Press	2301467.10054987
UK	2014	Elsevier	48595625.5969311
UK	2014	Institute of Physics (IOP)	1676566.16581874
UK	2014	Nature Publishing Group	5408459.07897828
UK	2014	Oxford University Press (OUP)	3571064.19389577
UK	2014	Royal Society of Chemistry (RSC)	1344955.86384287
UK	2014	Sage	7312531.06466797
UK	2014	Springer	10427779.679802
UK	2014	Taylor & Francis	13217315.079689
UK	2014	Wiley / Blackwell	20598247.7657513
UK	2015	De Gruyter	422001.17340885
UK	2015	Elsevier	48669986.7667817
UK	2015	Institute of Physics (IOP)	1883702.92245461
UK	2015	Royal Society of Chemistry (RSC)	1580581.50077143
UK	2015	Sage	9841074.35015534
UK	2015	Springer	10725341.2521798
UK	2015	Taylor & Francis	17353459.4333397
UK	2015	Wiley / Blackwell	23292560.6088558
UK	2016	De Gruyter	459007.752402199
UK	2016	Elsevier	51496416.597249
UK	2016	Institute of Physics (IOP)	1989708.12229725
UK	2016	Royal Society of Chemistry (RSC)	1644033.84930654
UK	2016	Sage	11004903.3252914
UK	2016	Springer	12307165.4437388
UK	2016	Taylor & Francis	20093686.5774095
UK	2016	Wiley / Blackwell	24159974.7907177
